"Site","Tag","Array","Genotype","NurseyGroup","FragID","T0_Method","T0_TLE","T0_NumBranch","T0_SA","T0_V","T0_Vcx","T0_SAcx","T3_Status","T3_TLE","T3_NumBranch","T3_SA","T3_V","T3_Vcx","T3_SAcx","T6_Status","T6_TLE","T6_NumBranch","T6_SA","T6_V","T6_Vcx","T6_SAcx","T9_Status","T9_TLE","T9_NumBranch","T9_SA","T9_V","T9_Vcx","T9_SAcx","T12_Status","T12_TLE","T12_NumBranch","T12_SA","T12_V","T12_Vcx","T12_SAcx","T3_Break","T6_Break","T9_Break","T12_Break","T12_Dead","T12_TOD","SevereBreak","CulumativeBreaks","X","T0_FieldTLE","T6_FieldTLE","T0_Vinter","T3_Vinter","T6_Vinter","T9_Vinter","T12_Vinter"
"Bahia Honda","1","1","7","3","5","hand",14.1,NA,50.36913,13.302765,34.30342,63.05934,"A",17.7,5,NA,NA,NA,NA,"A",12.426,8,40.957,13.015,36.247,64.753,"A",21.832,14,66.272,19.864,75.66,99.015,"A",42.13,17,111.925,26.917,156.296,154.704,0,1,0,0,0,13,"",1,"",14.1,13.5,21.000655,NA,23.232,55.796,129.379
"Bahia Honda","2","1","1","1","7","3D",9.069,NA,35.7,7.92,19.587,44.116,"A",15.864,6,54.296,15.77,53.366,79.623,"A",9.421,5,33.794,9.269,22.777,51.742,"A",16.077,9,51.692,14.069,43.049,74.007,"A",35.148,18,93.595,22.675,108.889,130.152,0,1,0,0,0,13,"",1,"",13,10.6,11.667,37.596,13.508,28.98,86.214
"Bahia Honda","3","1","31","5","4","3D",9.551,NA,44.971,12.16,27.654,53.179,"A",31.04127,12,97.094,28.23,230.154,216.959,"A",40.561,13,144.685,41.599,283.985,240.388,"A",68.405,19,216.191,55.833,583.435,388.261,"A",80.025,23,217.812,53.158,640.662,409.459,0,0,0,0,0,13,"",0,"",9.8,41.2,15.494,201.924,242.386,527.602,587.504
"Bahia Honda","4","1","3","2","5","hand",7.8,NA,30.24504,7.44849,16.29046,37.77492,"A",12.8,6,NA,NA,NA,NA,"A",25.167,10,86.052,30.543,122.45,137.417,"A",34.007,14,125.394,36.544,212.139,195.159,"A",39.69,16,139.55,43.116,261.556,217.501,1,0,0,0,0,13,"",1,"",7.8,20.9,8.84197,NA,91.907,175.595,218.44
"Bahia Honda","5","1","50","9","5","hand",10.5,NA,38.86965,9.957465,24.0103,48.6111,"A",2.27079,1,15.992,4.943,9.024,24.874,"A",2.78,3,19.47,5.3,11.046,34.326,"A",7.426,6,34.204,10.39,24.026,52.118,"A",17.119,10,50.785,11.938,37.615,64.382,1,0,0,0,0,13,"",1,"",10.5,3.7,14.052835,4.081,5.746,13.636,25.677
"Bahia Honda","6","1","13","4","5","hand",6,NA,24.4953,5.77584,11.1439,30.5508,"A",2,1,NA,NA,NA,NA,"A",3.43,2,18.013,5.854,10.497,29.345,"A",6.884,6,29.131,9.105,23.694,48.332,"A",12.679,6,44.406,7.927,43.237,67.133,1,0,0,0,0,13,"",1,"",6,4,5.36806,NA,4.643,14.589,35.31
"Bahia Honda","7","1","36","6","5","3D",6.213,NA,24.055,6.676,13.654,33.048,"A",3.505,2,24.677,NA,8.711,25.728,"A",4.419,3,18.105,4.172,8.852,26.604,"A",5.052,3,21.607,6.487,12.281,32.745,"A",10.151,6,26.495,6.115,18.152,40.201,1,0,0,0,0,13,"",1,"",7.8,5.3,6.978,NA,4.68,5.794,12.037
"Bahia Honda","8","1","44","8","7","hand",9.7,NA,36.31421,9.214065,21.72294,45.40038,"A",15.408,5,59.53,14.361,53.468,82.799,"A",1.535,2,13.484,2.627,4.684,25.36,"A",1.012,1,36.968,3.815,9.982,35.968,"A",4.459,4,24.122,5.097,13.263,39.532,0,1,0,0,0,13,"",1,"",9.7,1.3,12.508875,39.107,2.057,6.167,8.166
"Bahia Honda","9","1","41","7","5","hand",13.8,NA,49.41084,13.02399,33.44566,61.85532,"A",15.346,6,45.625,11.343,40.855,71.6,"A",0.449,1,2.317,0.795,7.875,1.159,"D",NA,NA,NA,NA,NA,NA,"D",NA,NA,NA,NA,NA,NA,0,1,NA,NA,1,9,"p",1,"",13.8,0.8,20.42167,29.512,7.08,NA,NA
"Bahia Honda","10","1","62","10","6","3D",13.103,NA,60.266,20.632,40.519,65.428,"A",29.058,14,92.744,23.764,107.564,122.834,"A",41.448,15,134.285,39.787,228.014,201.237,"A",57.539,21,184.056,55.263,364.147,281.491,"A",54.668,19,140.854,35.57,331.092,277.241,0,0,0,0,0,13,"",0,"",12.7,40.4,19.887,83.8,188.227,308.884,295.522
"Bahia Honda","11","2","7","3","4","3D",9.19,NA,47.522,13.965,34.601,61.743,"A",15.125,5,61.347,18.666,60.684,90.844,"A",6.768,2,30.008,8.025,16.225,42.311,"A",5.706,2,27.376,8.303,14.585,38.904,"A",9.925,3,34.685,10.019,25.235,54.744,0,1,0,0,0,13,"",1,"",10.8,8.7,20.636,42.018,8.2,6.282,15.216
"Bahia Honda","12","2","31","5","6","3D",3.901,NA,15.226,2.99,5.073,17.776,"A",7.7157,5,27.158,5.447,16.563,37.496,"A",1.832,1,12.575,3.51,6.218,20.067,"A",4.907,5,20.806,7.137,12.71,31.622,"A",10.76,8,36.226,6.736,24.278,45.867,0,1,0,0,0,13,"",1,"",9.3,2.1,2.083,11.116,2.708,5.573,17.542
"Bahia Honda","13","2","41","7","4","3D",9.313,NA,32.537,5.676,16.882,43.547,"D",0,NA,NA,NA,NA,NA,"D",1.345,2,6.814,1.74,2.215,12.221,"D",NA,NA,NA,NA,NA,NA,"D",NA,NA,NA,NA,NA,NA,1,NA,NA,NA,1,3,"p",1,"",10.8,NA,11.206,NA,0.475,NA,NA
"Bahia Honda","14","2","3","2","6","3D",8.364,NA,30.654,4.689,14.225,37.122,"A",2.218,1,15.508,3.605,8.057,23.537,"D",1.046,1,6.801,1.832,2.559,11.776,"D",NA,NA,NA,NA,NA,NA,"D",NA,NA,NA,NA,NA,NA,1,NA,NA,NA,1,6,"p",1,"",7.4,NA,9.536,4.452,0.727,NA,NA
"Bahia Honda","15","2","62","10","5","hand",12.3,NA,44.61939,11.630115,29.15686,55.83522,"A",1.387,1,9.859,2.997,3.848,13.993,"A",4.557,6,18.256,6.323,9.176,25.091,"A",5.511,4,26.125,10.712,18.346,38.868,"A",14.83,10,51.76,12.636,44.157,68.862,1,0,0,0,0,13,"",1,"",12.3,3.9,17.526745,0.851,2.853,7.634,31.521
"Bahia Honda","16","2","1","1","4","3D",11.42,NA,64.259,25.912,47.208,74.968,"A",29.289,16,110.475,20.128,112.233,128.061,"A",2.561,2,18.48,6.134,9.473,28.95,"A",6.052,6,26.8,9.139,17.282,40.327,"A",17.264,10,56.62,10.511,45.62,69.322,0,1,0,0,0,13,"",1,"",12.2,2.8,21.296,92.105,3.339,8.143,35.109
"Bahia Honda","17","2","13","4","6","3D",5.335,NA,22.3710905,5.15788875,9.242532,27.881889,"D",0,NA,NA,NA,NA,NA,"D",NA,NA,NA,NA,NA,NA,"D",NA,NA,NA,NA,NA,NA,"D",NA,NA,NA,NA,NA,NA,1,NA,NA,NA,1,3,"p",1,"",9.2,NA,4.08464325,NA,NA,NA,NA
"Bahia Honda","18","2","44","8","5","hand",9.2,NA,34.71706,8.74944,20.29334,43.39368,"A",0.663,1,5.661,1.073,1.853,10.853,"A",0.82,1,7.845,1.656,2.683,12.916,"A",2.02,3,12.057,4.359,5.497,19.973,"A",6.581,5,22.317,5.146,12.223,29.489,1,0,0,0,0,13,"",1,"",9.2,1.4,11.5439,0.78,1.027,1.138,7.077
"Bahia Honda","19","2","36","6","7","3D",7.632,NA,32.093,7.301,16.228,39.571,"A",1.417,1,12.874,4.361,6.42,22.696,"A",1.891,2,16.228,4.791,8.552,27.453,"A",4.32,4,21.36,9.458,13.553,36.759,"A",10.4,7,47.581,13.455,38.533,63.961,1,0,0,0,0,13,"",1,"",8.5,3.6,8.927,2.059,3.761,4.095,25.078
"Bahia Honda","20","2","50","9","6","hand",8.5,NA,32.48105,8.098965,18.2919,40.5843,"A",5.496,2,25.957,6.792,17.427,38.616,"A",11.222,7,41.28,10.039,33.708,59.151,"A",7.493,3,40.555,11.948,40.637,68.78,"A",20.326,12,72.549,13.533,72.054,95.656,1,0,1,0,0,13,"",2,"",8.5,14.1,10.192935,10.635,23.669,28.689,58.521
"Bahia Honda","21","3","44","8","6","hand",9.8,NA,36.63364,9.30699,22.00886,45.80172,"A",7.023,3,38.223,8.288,19.39,41.398,"A",2.873,2,9.054,1.835,3.087,11.359,"D",NA,NA,NA,NA,NA,NA,"D",2.428,1,15.001,4.117,6.277,18.159,1,0,NA,NA,1,9,"b",1,"dead, intact",9.8,6.1,12.70187,11.102,1.252,NA,2.16
"Bahia Honda","22","3","13","4","7","3D",8.696,NA,24.538,4.669,12.941,35.88,"A",1.032,1,5.986,1.41,2.005,9.746,"A",0.664,1,2.278,0.324,0.466,3.716,"A",0.7,1,1.586,0,0,1.586,"A",1.328,2,2.628,0.346,0.574,3.947,1,0,0,0,0,13,"b",1,"",8.9,1,8.272,0.595,0.142,0,0.228
"Bahia Honda","23","3","50","9","4","3D",4.846,NA,34.977,8.613,16.329,37.771,"D",0,NA,NA,NA,NA,NA,"D",4.977,3,18.915,5.241,9.645,26.195,"D",NA,NA,NA,NA,NA,NA,"D",2.473,1,9.615,1.929,3.053,12.016,1,0,NA,NA,1,3,"b",1,"",6.1,3.1,7.716,NA,4.404,NA,1.124
"Bahia Honda","24","3","31","5","5","3D",9.43,NA,35.319,8.273,19.06,45.359,"D",NA,NA,NA,NA,NA,NA,"D",2.075,1,10.088,2.837,4.058,13.553,"D",NA,NA,NA,NA,NA,NA,"D",2.181,1,10.989,2.496,3.727,13.004,0,1,NA,NA,1,3,"b",1,"",10,2.5,10.787,NA,1.221,NA,1.231
"Bahia Honda","25","3","62","10","4","3D",10.781,NA,54.203,17.047,37.463,66.522,"D",NA,NA,NA,NA,NA,NA,"D",NA,NA,NA,NA,NA,NA,"D",NA,NA,NA,NA,NA,NA,"D",NA,NA,NA,NA,NA,NA,0,0,1,NA,1,3,"p",1,"",10,8.9,20.416,NA,NA,NA,NA
"Bahia Honda","26","3","36","6","6","3D",5.376,NA,22.732,4.944,9.989,28.473,"A",0,0,1.255,0,0,1.255,"A",0.836,1,4.204,0.762,1.282,8.307,"A",0,0,0.332,0,0,0.332,"A",0,0,0.232,0,0,0.232,1,0,0,NA,0,13,"",1,"",6.1,0.5,5.045,0,0.52,0,0
"Bahia Honda","27","3","3","2","4","hand",8,NA,30.8839,7.63434,16.8623,38.5776,"D",NA,NA,NA,NA,NA,NA,"D",NA,NA,NA,NA,NA,NA,"D",NA,NA,NA,NA,NA,NA,"D",2.545,1,12.975,3.708,5.608,17.141,NA,NA,NA,NA,1,3,"b",0,"dead, intact",8,6.2,9.22796,NA,NA,NA,1.9
"Bahia Honda","28","3","7","3","6","hand",5.9,NA,24.17587,5.682915,10.85798,30.14946,"D",0,NA,NA,NA,NA,NA,"D",NA,NA,NA,NA,NA,NA,"D",NA,NA,NA,NA,NA,NA,"D",NA,NA,NA,NA,NA,NA,1,NA,NA,NA,1,3,"p",1,"",5.9,NA,5.175065,NA,NA,NA,NA
"Bahia Honda","29","3","1","1","6","hand",11.2,NA,41.10566,10.60794,26.01174,51.42048,"A",11.297,5,39.709,12.002,28.233,53.873,"D",NA,NA,NA,NA,NA,NA,"D",NA,NA,NA,NA,NA,NA,"D",NA,NA,NA,NA,NA,NA,0,0,1,NA,1,6,"b",1,"dead, intact",11.2,14.8,15.4038,16.231,NA,NA,NA
"Bahia Honda","30","3","41","7","6","3D",9.236,NA,34.266,7.194,16.66,40.127,"D",0,NA,NA,NA,NA,NA,"D",NA,NA,NA,NA,NA,NA,"D",NA,NA,NA,NA,NA,NA,"D",NA,NA,NA,NA,NA,NA,1,NA,NA,NA,1,3,"p",1,"",9.5,NA,9.466,NA,NA,NA,NA
"Big Pine","1","1","13","4","10","3D",7.044,NA,21.768,4.513,9.245,29.525,"A",0.602026,1,4.899857,1.128967,1.481958,8.852403,"A",0.788,1,6.169,1.313,1.801,10.373,"D",NA,NA,NA,NA,NA,NA,"D",NA,NA,NA,NA,NA,NA,1,0,NA,NA,1,9,"p",1,"",8.1,1.2,4.732,0.352991,0.488,NA,NA
"Big Pine","2","1","41","7","9","3D",7.7,NA,28.266,6.036,12.033,31.219,"A",12.307,7,32.771,7.468,22.119,46.126,"A",20.394,7,64.215,15.2,66.166,94.739,"A",25.869,12,70.642,15.589,86.856,109.328,"A",35.335,16,94.993,24.239,139.274,145.905,0,0,0,0,0,13,"",0,"",8.2,21.5,5.997,14.651,50.966,71.267,115.035
"Big Pine","3","1","62","10","8","3D",9.797,NA,44.915,12.247,26.239,52.379,"A",14.551,5,51.391,13.669,45.555,73.788,"A",1.632,1,16.795,4.744,7.681,23.812,"A",5.1,1,NA,NA,NA,NA,"A",8.108,6,30.832,7.392,18.638,38.107,0,1,0,0,0,13,"",1,"",10.5,2.6,13.992,31.886,2.937,NA,11.246
"Big Pine","4","1","50","9","7","3D",4.706,NA,21.026,5.195,10.165,28.086,"A",9.205,5,33.337,8.643,22.675,48.153,"A",12.267,4,51.5,14.027,53.295,83.796,"A",19.229,12,64.952,18.842,73.759,100.381,"A",34.596,19,102.345,33.463,145.38,151.693,0,0,0,0,0,13,"",0,"",5.2,13.2,4.97,14.032,39.268,54.917,111.917
"Big Pine","5","1","36","6","10","3D",7.188,NA,26.784,5.999,12.03,33.184,"A",9.49,3,39.19,11.083,34.791,63.058,"A",10.487,4,48.982,13.359,51.841,80.364,"A",16.037,9,60.69,16.051,67.144,91.524,"A",26.377,11,102.815,30.129,145.354,149.532,0,0,0,0,0,13,"",0,"",8.5,11.4,6.031,23.708,38.482,51.093,115.225
"Big Pine","6","1","44","8","9","hand",5.8,NA,23.85644,5.58999,10.57206,29.74812,"A",13.596,8,48.275,18.098,38.486,62.563,"A",27.059,10,98.762,25.045,111.78,125.522,"A",30.225,12,93.245,28.834,113.766,131.907,"A",61.943,20,194.736,65.773,357.011,274.135,0,0,0,0,0,13,"",0,"",5.8,27.6,4.98207,20.388,86.735,84.932,291.238
"Big Pine","7","1","1","1","10","3D",6.131,NA,22.559,4.656,8.376,26.248,"A",11.963,10,35.653,8.483,26.523,49.376,"A",18.514,10,57.735,16.253,52.161,76.499,"A",28.965,15,70.694,17.992,74.263,94.379,"A",49.153,27,145.857,40.048,171.878,160.77,1,0,0,0,0,13,"",1,"",7.8,21.2,3.72,18.04,35.908,56.271,131.83
"Big Pine","8","1","31","5","9","3D",11.433,NA,43.285,11.696,28.344,55.532,"A",23.735,10,72.487,19.304,97.215,118.816,"D",0.519,1,1.66,0.071,0.379,3.95,"D",NA,NA,NA,NA,NA,NA,"D",NA,NA,NA,NA,NA,NA,0,1,NA,NA,1,6,"b",1,"",4.8,2,16.648,77.911,0.308,NA,NA
"Big Pine","9","1","7","3","9","3D",4.726,NA,19.814,3.473,6.389,21.613,"A",6.207,3,28.543,8.261,16.733,38.736,"A",14.67,8,54.852,15.315,51.679,78.595,"A",21.056,9,68.879,19.429,74.483,96.517,"A",29.173,14,120.083,38.28,164.435,161.678,0,0,0,0,0,13,"",0,"",5.9,17.6,2.916,8.472,36.364,55.054,126.155
"Big Pine","10","1","3","2","9","3D",5.377,NA,25.846,6.584,12.233,32.539,"A",12.274,8,44.321,10.674,42,69.876,"A",24.783,13,78.115,20.74,111.26,127.403,"A",33.525,15,89.476,18.865,134.995,140.158,"A",32.393,15,96.157,23.193,207.655,212.385,0,0,0,0,0,13,"",0,"",7.2,25.7,5.649,31.326,90.52,116.13,184.462
"Big Pine","11","2","44","8","12","3D",7.612,NA,20.447,3.569,11.921,31.682,"A",1.851,1,17.697,4.369,8.118,25.892,"A",3.138,2,24.11,7.219,16.182,41.846,"A",5.96,2,27.01,8.748,13.576,37.76,"A",15.923,10,68.728,32.728,70.249,90.47,1,0,0,0,0,13,"",1,"",8.1,3,8.352,3.749,8.963,4.828,37.521
"Big Pine","12","2","31","5","8","3D",6.254,NA,20.826,4.233,8.511,26.062,"A",12.61,7,39.339,8.857,32.642,60.632,"A",26.469,10,81.918,21.746,113.208,136.946,"A",19.774,10,52.249,8.084,44.541,71.362,"A",35.519,13,93.572,22.67,191.258,191.73,0,0,0,0,0,13,"",0,"partial mortality",7.1,25.1,4.278,23.785,91.462,36.457,168.588
"Big Pine","13","2","50","9","8","3D",7.457,NA,36.505,10.091,20.389,47.253,"A",15.614,9,55.766,9.965,28.477,58.142,"A",25.773,9,79.61,21.966,95.912,126.388,"A",31.957,14,89.685,17.202,146.104,156.872,"A",56.625,22,171.703,43.834,369.102,278.829,0,0,0,0,0,13,"",0,"",8.7,26.3,10.298,18.512,73.946,128.902,325.268
"Big Pine","14","2","36","6","9","3D",4.698,NA,19.322,3.56,6.749,22.915,"A",5.968,2,35.28,8.68,24.158,50.073,"A",15.943,7,68.709,21.774,100.684,124.545,"A",20.635,7,87.062,23.986,136.868,147.267,"A",32.094,12,134.758,52.281,225.52,197.872,0,0,0,0,0,13,"",0,"",5.7,13.2,3.189,15.478,78.91,112.882,173.239
"Big Pine","15","2","7","3","8","3D",9.158,NA,34.737,5.983,16.657,39.966,"M",NA,NA,NA,NA,NA,NA,"M",NA,NA,NA,NA,NA,NA,"M",NA,NA,NA,NA,NA,NA,"M",NA,NA,NA,NA,NA,NA,NA,NA,NA,NA,NA,NA,"",0,"",10.2,NA,10.674,NA,NA,NA,NA
"Big Pine","16","2","3","2","8","3D",10.321,NA,41.352,10.505,23.152,51.143,"A",22.254,9,72.829,19.811,79.08,108.227,"A",9.19,5,39.679,14.311,36.268,64.937,"A",12.252,8,42.953,12.967,39.873,66.089,"A",28.833,17,95.691,24.808,116.337,127.735,0,1,0,0,0,13,"",1,"",11.1,10.6,12.647,59.269,21.957,26.906,91.529
"Big Pine","17","2","13","4","8","3D",5.995,NA,24.358,4.997,8.816,28.459,"A",0.766,1,8.009,1.937,2.771,13.693,"A",1.284,1,9.797,2.741,3.984,17.811,"A",4.528,5,15.714,4.672,8.287,25.229,"A",9.682,7,23.277,4.594,12.753,30.096,1,0,0,0,0,13,"",1,"",7.8,2.2,3.819,0.834,1.243,3.615,8.159
"Big Pine","18","2","1","1","9","3D",17.67,NA,50.871,12.05,41.518,67.934,"M",NA,NA,NA,NA,NA,NA,"M",NA,NA,NA,NA,NA,NA,"M",NA,NA,NA,NA,NA,NA,"M",NA,NA,NA,NA,NA,NA,NA,NA,NA,NA,NA,NA,"",0,"",15.1,NA,29.468,NA,NA,NA,NA
"Big Pine","19","2","41","7","7","3D",10.294,NA,40.129,9.092,22.558,49.908,"A",0.518,1,2.695,0.885,1.07,6.804,"D",NA,NA,NA,NA,NA,NA,"D",NA,NA,NA,NA,NA,NA,"D",NA,NA,NA,NA,NA,NA,1,NA,NA,NA,1,6,"p",1,"",11.2,NA,13.466,0.185,NA,NA,NA
"Big Pine","20","2","62","10","7","3D",10.656,NA,39.776,9.606,25.139,52.099,"A",16.541,8,53.654,12.694,44.346,72.532,"A",0.869,1,10.679,2.696,3.742,19.073,"A",0.946,1,12.579,3.941,4.6,20.499,"A",6.237,7,23.55,5.93,13.044,35.054,0,1,0,0,0,13,"",1,"",10.8,1.4,15.533,31.652,1.046,0.659,7.114
"Big Pine","21","3","31","5","7","3D",3.625,NA,14.589,3.041,5.434,18.726,"M",NA,NA,NA,NA,NA,NA,"M",NA,NA,NA,NA,NA,NA,"M",NA,NA,NA,NA,NA,NA,"M",NA,NA,NA,NA,NA,NA,NA,NA,NA,NA,NA,NA,"",0,"",10.2,NA,2.393,NA,NA,NA,NA
"Big Pine","22","3","44","8","11","3D",7.812,NA,40.744,15.772,24.198,51.178,"A",13.856,7,59.624,12.642,44.871,75.088,"A",21.007,7,81.432,20.832,112.144,131.727,"A",25.63,12,98.461,31.724,163.19,166.596,"A",24.193,13,86.449,29.553,126.628,143.155,0,0,0,0,0,13,"",0,"",8.8,16.8,8.426,32.229,91.312,131.466,97.075
"Big Pine","23","3","13","4","9","3D",7.766,NA,27.652,4.934,16.312,39.955,"A",2.149,2,10.624,2.627,4.392,15.575,"A",4.162,2,18.796,4.921,9.506,25.939,"A",8.605,7,29.454,9.056,20.291,42.414,"A",15.646,11,38.26,8.276,27.032,48.02,1,0,0,0,0,13,"b",1,"",8.5,8.1,11.378,1.765,4.585,11.235,18.756
"Big Pine","24","3","41","7","8","3D",7.183,NA,24.576,4.465,11.179,30.557,"A",0.826,1,5.965147,1.253801,1.774375,9.252314,"A",1.226,1,9.548,3.053,3.728,16.886,"A",1.279,1,13.532,4.156,6.796,23.842,"A",4.022,4,13.371,2.757,5.746,20.613,1,0,0,0,0,13,"b",1,"",8,2.4,6.714,0.520574,0.675,2.64,2.989
"Big Pine","25","3","62","10","9","3D",7.491,NA,35.749,9.335,18.988,41.493,"A",0.629,1,4.47522,0.537994,1.194373,7.674668,"D",0.629,1,5.213,1.243,1.599,9.378,"D",NA,NA,NA,NA,NA,NA,"D",NA,NA,NA,NA,NA,NA,1,NA,NA,NA,1,6,"",1,"",7.8,NA,9.653,0.656379,0.356,NA,NA
"Big Pine","26","3","3","2","7","3D",7.822,NA,31.386,6.841,14.681,38.748,"A",1.587,1,16.811,3.569,8.151,25.146,"A",3.44,2,28.696,8.48,18.786,44.677,"A",12.549,10,45.793,16.909,43.274,62.16,"A",20.25,11,66.221,26.493,59.709,80.033,1,0,0,0,0,13,"b",1,"",10.4,4.5,7.84,4.582,10.306,26.365,33.216
"Big Pine","27","3","50","9","9","3D",8.447,NA,29.586,5.976,15.457,37.439,"A",8.25,3,39.202,7.492,23.865,45.442,"A",16.011,6,58.295,14.65,53.428,80.36,"A",18.571,8,65.202,18.182,75.387,99.628,"A",38.951,21,127.396,38.319,173.823,170.73,0,0,0,0,0,13,"",0,"",9.6,16.9,9.481,16.373,38.778,57.205,135.504
"Big Pine","28","3","7","3","7","3D",5.03,NA,22.618,4.48,8.075,24.72,"A",0.648,1,5.646824,0.928929,1.784688,9.726249,"A",0.71,1,7.608,1.794,2.478,12.8,"A",1.243,1,12.315,4.689,5.647,20.047,"A",5.534,11,13.577,3.631,6.111,21.122,1,0,0,0,0,13,"b",1,"",6.4,1.2,3.595,0.855759,0.684,0.958,2.48
"Big Pine","29","3","1","1","8","3D",9.247,NA,31.072,7.86,19.136,44.242,"A",11.813,5,44.541,9.051,26.681,51.486,"A",40.627,12,191.947,67.812,328.502,264.21,"A",35.713,18,122.701,37.319,171.472,168.739,"A",50.885,25,179.128,55.561,235.557,203.666,0,0,0,0,0,13,"",0,"",10,34.8,11.276,17.63,260.69,134.153,179.996
"Big Pine","30","3","36","6","8","3D",5.009,NA,18.91,3.429,6.882,23.193,"A",0.887,1,8.597,2.396,3.083,13.811,"A",1.03,1,14.468,4.304,6.057,24.041,"A",1.046,1,19.89,7.078,9.68,35.008,"A",8.971,8,27.628,6.344,18.003,43.984,1,0,0,0,0,13,"b",1,"",6,2,3.453,0.687,1.753,2.602,11.659
"Dave's Ledge","1","1","50","9","20","hand",8,NA,30.8839,7.63434,16.8623,38.5776,"A",7.807,3,40.135,13.343,29.217,53.402,"A",20.928,13,82.091,24.941,87.242,107.421,"A",21.478,13,88.641,24.549,91.032,109.235,"A",50.884,18,203.983,72.006,284.433,244.774,0,0,0,0,0,13,"",0,"",8,20.9,9.22796,15.874,62.301,66.483,212.427
"Dave's Ledge","2","1","3","2","20","3D",11.808,NA,49.15,12.628,33.082,60.339,"A",0.798,1,9.139539,2.262797,3.353125,15.65993,"A",2.407,3,17.953,5.484,8.704,28.997,"A",2.994,2,17.6,6.358,9.531,29.292,"A",12.558,9,45.275,15.423,32.718,57.098,1,0,0,0,0,13,"b",1,"",11.4,2.9,20.454,1.090328,3.22,3.173,17.295
"Dave's Ledge","3","1","31","5","16","hand",10,NA,37.2725,9.49284,22.5807,46.6044,"A",22.875,13,66.358,16.047,76.439,99.474,"A",41.397,10,129.003,31.175,272.951,225.537,"A",2.709,2,18.607,6.405,9.806,30.55,"A",5.585,7,25.609,6.012,16.225,38.582,0,0,1,0,0,13,"b",1,"",10,40.7,13.08786,60.392,241.776,3.401,10.213
"Dave's Ledge","4","1","44","8","20","hand",6,NA,24.4953,5.77584,11.1439,30.5508,"A",1.16,1,12.135345,3.329753,5.027143,18.672577,"A",4.227,3,24.928,7.424,14.978,39.058,"A",5.351,4,30.082,9.13,18.743,43.902,"A",17.76,12,70.29,20.467,55.57,80.539,1,0,0,0,0,13,"",1,"",NA,4.8,5.36806,1.69739,7.554,9.613,35.103
"Dave's Ledge","5","1","1","1","18","3D",15.385,NA,47.091,10.443,29.162,54.106,"A",20.703,9,68.722,17.117,67.344,91.118,"A",33.378,13,106.217,29.983,126.257,137.32,"A",49.953,21,148.66,38.45,197.842,181.765,"A",84.104,29,284.227,70.564,458.475,313.378,1,0,0,0,0,13,"",1,"",15.4,33.2,18.719,50.227,96.274,159.392,387.911
"Dave's Ledge","6","1","7","3","18","3D",6.218,NA,22.789,5.052,8.854,25.618,"A",14.403,9,44.71,12.241,39.975,65.514,"A",23.351,9,74.204,21.461,102.872,119.717,"A",28.931,15,104.079,28.71,131.127,138.274,"A",34.576,15,142.187,46.206,184.587,173.419,0,0,0,0,0,13,"",0,"",5.2,25.4,3.802,27.734,81.411,102.417,138.381
"Dave's Ledge","7","1","36","6","20","3D",10.274,NA,36.687,9.987,22.518,51.555,"A",9.964,7,37.654,12.919,24.932,47.487,"A",16.767,8,64.78,22.004,66.703,91.67,"A",25.485,15,91.144,35.525,102.966,119.88,"A",54.581,21,192.877,63.136,313.207,255.831,1,0,0,0,0,13,"",1,"",10.1,18.5,12.531,12.013,44.699,67.441,250.071
"Dave's Ledge","8","1","41","7","18","3D",14.141,NA,38.263,9.484,27.213,53.411,"A",18.381,8,54.457,13.495,52.711,78.915,"A",29.397,9,99.191,26.752,137.017,145.642,"A",7.323,3,30.222,7.849,22.233,49.543,"A",16.511,11,53.787,13.954,53.435,85.08,0,0,1,0,0,13,"",1,"",15.1,27.4,17.729,39.216,110.265,14.384,39.481
"Dave's Ledge","9","1","13","4","19","3D",8.689,NA,34.369,7.068,15.111,38.65,"A",0.670999,1,7.892028,1.91831,2.950651,13.584088,"A",1.265,1,12.011,3.825,5.099,20.548,"A",2.664,3,12.461,4.46,5.917,20.925,"A",7.587,10,22.196,6.916,13.104,33.898,1,0,0,0,0,13,"b",1,"",10.7,1.2,8.043,1.032341,1.274,1.457,6.188
"Dave's Ledge","10","1","62","10","10","3D",3.461,NA,18.609,4.409,8.127,23.009,"A",8.206,8,27.851,8.437,16.757,37.168,"A",11.309,7,44.29,15.851,40.617,65.96,"A",11.345,6,55.561,17.233,52.454,77.912,"M",NA,NA,NA,NA,NA,NA,1,0,0,NA,NA,NA,"",1,"",4.5,13,3.718,8.32,24.766,35.221,NA
"Dave's Ledge","11","2","1","1","20","3D",5.404,NA,16.816,3.931,6.951,21.831,"A",12.368,8,35.963,9.638,33.128,57.815,"A",22.075,8,77.906,19.342,104.986,119.438,"A",2.449,2,23.983,8.374,16.239,43.653,"A",9.763,8,39.427,7.738,23.635,46.776,0,0,1,0,0,13,"b",1,"",5.6,26.2,3.02,23.49,85.644,7.865,15.897
"Dave's Ledge","12","2","7","3","16","3D",6.865,NA,30.114,6.828,11.973,32.613,"A",11.863,5,50.805,14.267,39.172,70.768,"A",22.334,7,85.799,24.992,138.355,148.551,"A",32.164,11,129.189,33.629,266.224,225.287,"A",46.475,15,227.261,68.313,493.461,329.984,0,0,0,0,0,13,"",0,"",8.1,24,5.145,24.905,113.363,232.595,425.148
"Dave's Ledge","13","2","3","2","18","3D",6.54,NA,35.297,10.51,19.41,43.559,"A",9.565,6,42.212,11.835,31.924,60.163,"A",21.741,7,95.445,36.822,135.169,145.348,"A",17.655,9,78.697,25.87,102.3,125.313,"A",22.778,12,97.707,32.954,119.956,137.174,0,0,0,0,0,13,"",0,"",8.1,15.2,8.9,20.089,98.347,76.43,87.002
"Dave's Ledge","14","2","62","10","18","3D",5.826,NA,29.057,8.794,17.328,40.397,"M",NA,NA,NA,NA,NA,NA,"M",NA,NA,NA,NA,NA,NA,"M",NA,NA,NA,NA,NA,NA,"M",NA,NA,NA,NA,NA,NA,0,NA,NA,NA,NA,NA,"",0,"",6.5,NA,8.534,NA,NA,NA,NA
"Dave's Ledge","15","2","31","5","18","hand",7.7,NA,29.92561,7.355565,16.00454,37.37358,"A",12.696,9,41.365,9.837,29.676,58.549,"A",0.551,1,14.693,3.432,5.021,24.935,"A",4.837,3,21.413,8.289,11.89,37.452,"A",12.194,9,40.772,16.737,30.346,56.592,0,1,0,0,0,13,"b",1,"",7.7,1.1,8.648975,19.839,1.589,3.601,13.609
"Dave's Ledge","16","2","41","7","28"," 3D",7.41,NA,25.74,5.004,14.563,36.412,"A",10.886,5,31.058,6.934,19.625,43.637,"A",11.739,4,42.847,12.469,35.585,62.975,"A",14.08,6,56.329,20.307,55.538,83.903,"A",20.644,11,69.757,20.448,72.044,97.784,0,0,0,0,0,13,"",0,"",10.5,10.5,9.559,12.691,23.116,35.231,51.596
"Dave's Ledge","17","2","44","8","19","hand",7.7,NA,29.92561,7.355565,16.00454,37.37358,"A",1.073,1,10.688,3.896,5.074,17.937,"A",3.688,3,18.157,5.262,9.874,28.42,"A",4.722,3,29.964,10.678,22.122,48.154,"A",11.792,7,54.596,15.218,48.698,75.931,1,0,0,0,0,13,"b",1,"",NA,4.2,8.648975,1.178,4.612,11.444,33.48
"Dave's Ledge","18","2","13","4","21","3D",8.141,NA,20.493,4.874,8.777,27.886,"A",10.895,4,36.577,10.82,28.051,55.771,"A",16.853,7,59.476,14.737,77.16,104.616,"A",15.409,8,65.759,20.235,81.301,104.805,"A",30.24,13,111.514,30.253,177.403,171.273,0,0,1,0,0,13,"",1,"",7.7,15.8,3.903,17.231,62.423,61.066,147.15
"Dave's Ledge","19","2","50","9","17","hand",7.1,NA,28.00903,6.798015,14.28902,34.96554,"A",3.5,1,21.902,6.37,11.803,30.228,"A",12.296,7,50.486,15.266,55.126,80.805,"A",18.797,11,84.179,30.442,114.174,130.02,"A",35.294,21,124.442,36.902,159.621,154.515,1,0,0,0,0,13,"",1,"",7.1,12.5,7.491005,5.433,39.86,83.732,122.719
"Dave's Ledge","20","2","36","6","17","3D",5.461,NA,21.214,5.699,9.747,28.031,"A",2.945,1,20.859,6.987,10.621,27.833,"A",8.413,6,36.104,11.637,30.223,54.857,"A",12.953,8,57.46,22.373,60.109,86.004,"A",23.032,10,91.851,28.904,105.686,123.036,1,0,0,0,0,13,"",1,"",5.5,8.7,4.048,3.634,18.586,37.736,76.782
"Dave's Ledge","21","3","62","10","19","3D",9.509,NA,32.01,8.781,15.137,38.601,"A",0.529115,1,8.046155,1.412107,2.476216,12.726713,"D",2.981,2,8.821,1.888,2.91,10.942,"D",NA,NA,NA,NA,NA,NA,"D",NA,NA,NA,NA,NA,NA,1,NA,NA,NA,1,6,"",1,"",10.3,NA,6.356,1.064109,1.022,NA,NA
"Dave's Ledge","22","3","36","6","19","3D",5.869,NA,18.712,5.324,7.406,22.817,"A",6.784,2,33.047,12.071,19.518,43.053,"A",9.598,4,45.975,17.954,44.436,73.893,"A",16.096,10,68.977,26.281,74.269,101.694,"M",NA,NA,NA,NA,NA,NA,0,0,0,NA,NA,NA,"",0,"",5.8,9.8,2.082,7.447,26.482,47.988,NA
"Dave's Ledge","23","3","3","2","19","3D",5.492,NA,27.963,7.369,11.269,30.889,"A",0.698473,1,11.010386,2.056442,3.387059,17.349745,"A",2.549,3,16.876,4.162,7.769,30.318,"A",5.222,6,19.685,5.738,10.04,32.469,"A",11.006,7,46.232,10.127,30.348,56.532,0,0,0,0,0,13,"b",0,"",6,3.1,3.9,1.330617,3.607,4.302,20.221
"Dave's Ledge","24","3","44","8","21","3D",5.017,NA,24.421,4.982,13.072,35.29,"A",0.628,1,8.84,1.851,2.771,14.392,"A",0.786,1,12.679,4.175,5.356,23.213,"A",6.651,9,25.078,7.584,14.779,38.693,"A",13.853,9,52.536,12.586,35.322,60.611,1,0,0,0,0,13,"b",1,"",6.3,2.9,8.09,0.92,1.181,7.195,22.736
"Dave's Ledge","25","3","50","9","21","hand",8.6,NA,32.80048,8.19189,18.57782,40.98564,"D",0,NA,NA,NA,NA,NA,"D",NA,NA,NA,NA,NA,NA,"D",NA,NA,NA,NA,NA,NA,"D",NA,NA,NA,NA,NA,NA,1,NA,NA,NA,1,3,"",1,"",8.6,NA,10.38593,NA,NA,NA,NA
"Dave's Ledge","26","3","31","5","17","hand",6.6,NA,26.41188,6.33339,12.85942,32.95884,"A",16.933,9,54.758,12.845,48.839,78.623,"A",1.295,1,12.001,3.9,5.556,20.704,"A",4.602,6,15.064,4.609,7.093,22.536,"D",7.385,9,21.382,4.249,10.961,28.14,0,1,0,0,1,12,"",1,"bleached",6.6,2.3,6.52603,35.994,1.656,2.484,6.712
"Dave's Ledge","27","3","13","4","20","3D",4.764,NA,19.158,3.055,6.258,21.436,"D",0,NA,NA,NA,NA,NA,"D",0.093,1,2.322,0.201,0.467,4.807,"D",NA,NA,NA,NA,NA,NA,"D",NA,NA,NA,NA,NA,NA,1,NA,NA,NA,1,3,"",1,"",6.9,NA,3.203,NA,0.266,NA,NA
"Dave's Ledge","28","3","1","1","19","3D",3.969,NA,16.921,4.808,7.424,22.177,"A",6.38,5,32.156,8.957,19.612,41.674,"M",NA,NA,NA,NA,NA,NA,"M",NA,NA,NA,NA,NA,NA,"M",NA,NA,NA,NA,NA,NA,0,1,NA,NA,NA,NA,"",1,"",4.6,6.1,2.616,10.655,NA,NA,NA
"Dave's Ledge","29","3","7","3","17","3D",7.818,NA,25.794,6.206,10.966,29.263,"A",12.069,5,45.598,12.591,33.734,59.669,"A",11.249,5,48.263,17.395,46.02,72.381,"A",12.901,7,61.274,21.446,68.139,93.538,"A",NA,NA,NA,NA,NA,NA,0,0,0,NA,0,13,"",0,"",7.4,11.7,4.76,21.143,28.625,46.693,NA
"Dave's Ledge","30","3","41","7","17","3D",11.316,NA,28.502,6.794,16.764,39.918,"A",15.392,6,49.706,10.844,41.158,70.448,"A",0.816,1,11.796,3.684,4.976,21.727,"A",2.417,3,15.713,4.923,7.482,27.567,"A",5.3,7,14.495,3.314,6.316,22.015,0,1,0,0,0,13,"b",1,"",11.7,1.5,9.97,30.314,1.292,2.559,3.002
"E. Sambo","1","1","41","7","12","3D",7.254,NA,24.917,6.83,10.346,30.63,"A",1.002,1,8.613,1.919,3.142,13.369,"A",1.324,1,14.368,3.458,5.773,21.847,"A",1.1,1,12.776,3.208,5.222,21.176,"A",3.246,4,20.597,4.504,9.872,30.526,1,0,0,0,0,13,"b",1,"",7.6,2,3.516,1.223,2.315,2.014,5.368
"E. Sambo","2","1","1","1","11","3D",18.308,NA,55.162,15.327,41.144,63.908,"A",30.211,14,87.001,20.269,90.078,106.367,"A",33.868,13,146.715,42.678,160.666,158.086,"A",45.451,21,168.428,55.702,202.716,180.971,"A",96.71,36,376.313,140.272,541.46,340.877,0,0,0,0,0,13,"",0,"",17,32,25.817,69.809,117.988,147.014,401.188
"E. Sambo","3","1","31","5","12","hand",10.3,NA,38.23079,9.771615,23.43846,47.80842,"D",0,NA,NA,NA,NA,NA,"D",NA,NA,NA,NA,NA,NA,"D",NA,NA,NA,NA,NA,NA,"D",NA,NA,NA,NA,NA,NA,1,NA,NA,NA,1,3,"",1,"",10.3,NA,13.666845,NA,NA,NA,NA
"E. Sambo","4","1","3","2","14","hand",6.9,NA,27.37017,6.612165,13.71718,34.16286,"A",10.542,5,44.83,11.071,34.997,63.481,"A",16.627,8,77.33,21.158,80.237,106.569,"A",26.488,16,93.776,27.245,124.771,136.934,"A",74.218,23,261.85,85.484,520.215,334.368,0,0,0,0,0,13,"",0,"",6.9,14,7.105015,23.926,59.079,97.526,434.731
"E. Sambo","5","1","44","8","13","3D",5.018,NA,22.387,4.095,8.164,24.88,"A",7.374,4,30.658,8.389,19.638,41.802,"A",8.005,3,45.551,15.589,43.634,72.016,"A",15.65,11,65.079,22.776,67.076,91.968,"A",37.199,21,140.53,63.447,184.434,175.912,0,0,0,0,0,13,"",0,"",5.4,7.3,4.069,11.249,28.045,44.3,120.987
"E. Sambo","6","1","62","10","12","3D",9.696,NA,35.646,12.048,25.899,51.325,"A",12.118,5,52.308,17.984,41.387,70.477,"A",12.345,6,55.788,23.105,51.142,79.802,"A",20.443,10,83.046,31.157,87.581,111.082,"A",34.388,15,125.36,48.084,185.533,180.99,0,0,0,0,0,13,"",0,"",9.8,14.8,13.851,23.403,28.037,56.424,137.449
"E. Sambo","7","1","13","4","11","hand",6.1,NA,24.81473,5.868765,11.42982,30.95214,"A",2.243,1,13.068,2.211,4.708,15.886,"A",2.525,1,15.233,3.821,7.767,22.696,"A",8.064,7,28.203,7.487,16.716,35.939,"A",16.057,10,47.755,12.982,37.165,60.504,1,0,0,0,0,13,"b",1,"",6.1,2.8,5.561055,2.497,3.946,9.229,24.183
"E. Sambo","8","1","7","3","12","3D",11.972,NA,46.753,10.807,25.238,51.304,"A",12.346,4,51.509,15.024,43.962,73.141,"A",24.245,6,75.491,24.259,78.699,105.292,"A",23.445,13,102.987,38.74,132.032,143.529,"A",47.199,21,184.681,71.068,294.109,238.129,1,0,0,0,0,13,"",1,"",13,17.7,14.431,28.938,54.44,93.292,223.041
"E. Sambo","9","1","36","6","13","3D",7.704,NA,31.513,10.776,17.923,40.501,"A",13.026,4,60.943,17.787,45.975,78.785,"A",18.482,6,96.349,33.858,112.651,135.512,"A",21.247,8,97.875,34.887,121.678,139.47,"A",40.746,14,165.746,60.072,299.819,250.429,0,0,0,0,0,13,"",0,"",7.3,21.8,7.147,28.188,78.793,86.791,239.747
"E. Sambo","10","1","50","9","10","3D",5.616,NA,21.37,3.465,8.238,27.198,"A",14.256,6,46.717,8.828,31.062,64.103,"A",2.890031,2,23.525,5.803,13.326,33.819,"A",9.224,8,36.168,8.936,23.004,45.714,"A",15.621,12,70.699,15.234,47.428,70.592,0,1,0,0,0,13,"b",1,"",6.1,2.3,4.773,22.234,7.523,14.068,32.194
"E. Sambo","11","2","3","2","11","3D",9.254,NA,60.322,13.375,36.989,66.947,"A",18.354,9,63.26,13.585,63.712,90.394,"A",30.093,8,112.133,25.807,167.689,168.669,"A",34.936,13,138.258,45.007,208.483,198.177,"A",32.705,17,182.845,51.168,246.561,213.609,0,0,0,0,0,13,"",0,"",11.7,33.8,23.614,50.127,141.882,163.476,195.393
"E. Sambo","12","2","44","8","15","3D",9.618,NA,35.863,9.603,22.152,51.685,"A",16.806,8,61.926,16.117,61.952,94.777,"A",20.333,9,81.919,20.362,103.275,124.862,"A",1.522,1,24.017,9.352,14.225,42.597,"A",7.339,12,44.032,13.141,23.986,50.69,0,0,1,0,0,13,"b",1,"",9.6,24.2,12.549,45.835,82.913,4.873,10.845
"E. Sambo","13","2","7","3","10","3D",8.32,NA,42.033,6.521,16.453,39.379,"A",14.533,4,54.802,15.205,41.92,72.096,"A",18.927,4,90.849,27.234,105.986,128.184,"A",38.699,19,151.293,55.29,234.718,210.051,"A",58.668,26,207.725,71.74,295.889,239.347,0,0,0,0,0,13,"",0,"",10.2,20.5,9.932,26.715,78.752,179.428,224.149
"E. Sambo","14","2","36","6","11","3D",10.165,NA,34.572,8.567,23.391,48.934,"A",12.884,4,51.937,12.482,43.049,72.569,"A",20.047,5,89.507,22.984,117.189,139.698,"A",29.807,12,151.01,72.087,231.777,211.955,"A",37.488,16,181.0306,70.403,329.649,258.254,0,0,0,0,0,13,"",0,"",12.4,21,14.824,30.567,94.205,159.69,259.246
"E. Sambo","15","2","41","7","11","3D",7.495,NA,21.944,4.529,11.408,32.426,"M",NA,NA,NA,NA,NA,NA,"M",NA,NA,NA,NA,NA,NA,"M",NA,NA,NA,NA,NA,NA,"M",NA,NA,NA,NA,NA,NA,NA,NA,NA,NA,NA,NA,"",0,"",11.7,NA,6.879,NA,NA,NA,NA
"E. Sambo","16","2","1","1","12","3D",5.718,NA,21.904,5.323,8.334,26.142,"A",5.921,1,30.15,7.923,20.351,45.401,"M",NA,NA,NA,NA,NA,NA,"M",NA,NA,NA,NA,NA,NA,"M",NA,NA,NA,NA,NA,NA,0,NA,NA,NA,NA,NA,"",0,"",6.4,NA,3.011,12.428,NA,NA,NA
"E. Sambo","17","2","31","5","11","hand",13.3,NA,47.81369,12.559365,32.01606,59.84862,"A",2.231,1,13.0985,3.142,5.102,16.873,"A",5.563,5,19.44,3.952,11.34,27.743,"A",29.592,13,111.258,36.504,191.43,105.369,"A",1.553,1,15.2,3.506,6.161,23.387,1,0,0,1,0,13,"b",2,"",13.3,5,19.456695,1.96,7.388,154.926,2.655
"E. Sambo","18","2","13","4","12","hand",4.1,NA,18.42613,4.010265,5.71142,22.92534,"A",23.673,11,74.897,14.05,94.529,119.52,"A",30.797,11,99.82,22.564,178.298,177.551,"A",7.805,8,28.715,6.869,22.225,43.513,"A",9.441,8,41.803,9.742,30.079,55.618,0,0,1,0,0,13,"",1,"",4.1,23.5,1.701155,80.479,155.734,15.356,20.337
"E. Sambo","19","2","50","9","12","hand",9.7,NA,36.31421,9.214065,21.72294,45.40038,"A",1.017,1,7.331,2.036,2.841,12.433,"A",3.293,4,15.43,3.845,7.261,22.552,"A",6.838,6,23.024,6.958,14.126,33.36,"A",6.611,7,24.613,5.72,12.467,29.921,1,0,0,0,0,13,"b",1,"",9.7,2,12.508875,0.805,3.416,7.168,6.747
"E. Sambo","20","2","62","10","13","3D",8.193,NA,36.241,11.039,17.518,44.824,"A",12.854,7,57.505,15.404,49.443,81.686,"A",23.365,9,100.028,29.791,139.942,154.278,"A",1.455,1,32.568,15.124,24.624,60.843,"A",2.745,3,63.011,34.23,49.079,77.953,0,0,1,0,0,13,"b",1,"",8.8,25.9,6.479,34.039,110.151,9.5,14.849
"E. Sambo","21","3","13","4","13","hand",8.9,NA,33.75877,8.470665,19.43558,42.18966,"A",13.906,8,44.784,9.443,39.701,69.289,"A",20.188,11,54.783,13.351,55.517,85.484,"A",30.687,19,84.378,18.106,120.47,134.301,"A",41.521,18,157.606,38.991,243.194,204.971,0,0,0,0,0,13,"",0,"",8.9,22.3,10.964915,30.258,42.166,102.364,204.203
"E. Sambo","22","3","36","6","12","3D",4.389,NA,17.229,4.179,7.462,22.498,"A",5.363,1,31.83,8.219,20.012,43.621,"A",7.4329,4,50.014,16.858,54.759,85.277,"A",12.865,8,69.679,30.716,76.401,99.763,"A",15.353,11,102.524,54.452,126.384,138.596,0,0,0,0,0,13,"",0,"",5.5,5,3.283,11.793,37.901,45.685,71.932
"E. Sambo","23","3","31","5","10","3D",9.805,NA,37.138,10.547,19.063,42.948,"A",24.589,10,77.966,16.511,94.427,115.716,"A",35.596,11,120.281,33.795,183.611,178.622,"A",34.74,15,110.354,30.251,175.494,171.161,"A",58.387,31,175.118,40.694,322.18,254.796,0,0,0,0,0,13,"",0,"",5.3,32.3,8.516,77.916,149.816,145.243,281.486
"E. Sambo","24","3","62","10","14","3D",5.327,NA,20.911,5.671,9.368,26.521,"A",9.684,4,41.295,10.196,27.164,55.009,"A",16.77,8,67.478,21.42,84.429,112.425,"A",21.865,11,96.677,31.312,131.668,142.392,"A",48.391,25,204.805,89.427,315.414,245.853,0,0,0,0,0,13,"",0,"",6.2,12.7,3.697,16.968,63.009,100.356,225.987
"E. Sambo","25","3","50","9","11","hand",6.4,NA,25.77302,6.14754,12.28758,32.15616,"A",12.1764,8,54.835,13.597,44.465,71.626,"A",22.948,10,94.298,31.875,119.672,134.696,"A",36.796,19,126.221,45.103,172.787,168.483,"A",65.346,27,211.64,91.493,365.573,268.492,0,0,0,0,0,13,"",0,"",6.4,17,6.14004,30.868,87.797,127.684,274.08
"E. Sambo","26","3","41","7","13","3D",8.339,NA,21.936,5.268,11.004,29.584,"A",6.41,3,26.62,5.776,13.817,32.54,"A",10.702,5,36.026,9.51,29.638,54.311,"A",13.624,7,45.7332,10.924,42.544,67.264,"A",20.041,11,59.106,16.273,65.362,88.563,1,0,0,0,0,13,"",1,"",11.3,10.2,5.736,8.041,20.128,31.62,49.089
"E. Sambo","27","3","3","2","10","3D",5.565,NA,23.1057795,5.37161625,9.147,28.6,"A",12.033,7,42.653,9.522,31.489,60.92,"A",19.796,11,66.012,18.033,76.056,106.216,"A",1.5,1,NA,NA,NA,NA,"A",6.928,7,50.114,26.202,42.527,69.542,0,0,0,1,0,13,"b",1,"",7.6,22.6,3.77538375,21.967,58.023,NA,16.325
"E. Sambo","28","3","1","1","13","3D",13.008,NA,40.764,10.968,28.369,54.321,"A",18.555,10,64.449,16.943,60.013,83.95,"A",30.277,13,98.512,29.423,141.631,145.341,"A",41.991,21,139.156,31.252,173.543,162.375,"A",57.105,28,207.44,64.148,292.168,228.076,0,0,0,0,0,13,"",0,"",13.3,25.8,17.401,43.07,112.208,142.291,228.02
"E. Sambo","29","3","7","3","11","3D",8.118,NA,33.176,7.223,14.18,36.574,"A",10.382593,4,44.362431,13.259139,29.17486,57.33276,"A",18.336,7,66.27,21.48,73.219,102.965,"A",28.296,17,94.395,29.409,112.553,130.97,"A",54.356,23,180.056,51.166,294.289,232.836,0,0,0,0,0,13,"",0,"",9.5,18.5,6.957,15.915721,51.739,83.144,243.123
"E. Sambo","30","3","44","8","14","3D",9.166,NA,38.033,8.62,20.252,45.443,"A",15.21767,5,60.669365,15.425859,68.712509,96.617523,"A",21.262,6,93.736,30.643,159.465,162.529,"A",31,12,NA,NA,NA,NA,"A",61.868,27,225.679,101.759,468.245,322.48,0,0,0,0,0,13,"",0,"",10.4,20.9,11.632,53.28665,128.822,NA,366.486
"EDR","1","1","3","2","27","3D",4.693,NA,19.098,3.019,6.524,22.007,"A",10.1,6,31.50074,10.265394,22.797587,46.48794,"A",4.619,3,25.857,5.942,17.995,40.541,"A",9.606,7,38.527,7.915,30.608,54.427,"A",25.649,11,102.569,19.507,97.31,115.849,0,1,0,0,0,13,"",1,"",6.8,5,3.505,NA,12.053,22.693,77.803
"EDR","2","1","1","1","29","3D",11.568,NA,36.845,7.89,24.318,50.998,"A",20.3,9,59.05502,18.39765,60.376325,86.00682,"A",40.145,13,136.949,32.628,224.121,205.164,"A",55.8576,22,161.608,44.345,304.3131,247.058,"M",NA,NA,NA,NA,NA,NA,0,0,0,NA,NA,NA,"",0,"",11.7,39,16.428,NA,191.493,259.9681,NA
"EDR","3","1","41","7","19","3D",8.698,NA,33.1135214,8.2829565,18.8580216,41.3789532,"D",0,NA,4.2166,2.212866,-6.94964,7.3565,"D",NA,NA,NA,NA,NA,NA,"D",NA,NA,NA,NA,NA,NA,"D",NA,NA,NA,NA,NA,NA,1,NA,NA,NA,1,3,"",1,"",8,NA,10.5750651,NA,NA,NA,NA
"EDR","4","1","31","5","27","3D",6.646,NA,23.408,6.535,10.082,29.081,"A",2.1,1,9.88954,3.887154,-1.376093,15.49274,"A",3.247,1,19.955,5.695,11.449,29.419,"A",7.297,6,17.815,3.605,9.089,23.451,"A",12.035,8,29.855,5.635,23.376,44.04,1,0,0,0,0,13,"",1,"",7,4.1,3.547,NA,5.754,5.484,17.741
"EDR","5","1","7","3","28","3D",10.097,NA,40.458,9.646,22.884,48.548,"A",13.1,4,39.60494,12.657234,33.063917,58.11114,"A",15.373,4,62.457,24.07,46.667,71.666,"A",19.255,7,66.352,17.915,52.311,79.441,"A",24.765,13,67.688,16.75,63.834,89.095,0,0,0,0,0,13,"",0,"partial mortality",11.6,19.8,13.238,NA,22.597,34.396,47.084
"EDR","6","1","44","8","29","3D",4.849,NA,23.887,5.63,12.494,33.032,"A",9.4,5,29.60976,9.707298,20.496386,43.77586,"A",1.253,1,15.245,4.499,7.367,27.599,"A",2.764,4,16.442,4.571,7.927,26.833,"A",12.385,7,42.336,9.025,32.581,55.85,0,1,0,0,0,13,"",1,"",5.5,1.3,6.864,NA,2.868,3.356,23.556
"EDR","7","1","62","10","30","3D",9.5,NA,34.036,7.962,16.639,37.299,"A",19.9,9,57.97446,18.078738,58.759961,84.45706,"A",0.558,1,9.552,1.778,3.49,18.29,"A",1.147,1,10.718,2.701,4.525,18.717,"A",4.816,5,19.851,6.281,11.937,34.367,0,1,0,0,0,13,"b",1,"",9.6,1.1,8.677,NA,1.712,1.824,5.656
"EDR","8","1","13","4","28","3D",7.43,NA,20.402,4.846,9.523,29.529,"M",NA,NA,NA,NA,NA,NA,"M",NA,NA,NA,NA,NA,NA,"M",NA,NA,NA,NA,NA,NA,"M",NA,NA,NA,NA,NA,NA,0,NA,NA,NA,NA,NA,"",0,"",6.9,NA,4.677,NA,NA,NA,NA
"EDR","9","1","50","9","29","3D",10.431,NA,46.316,7.233,27.208,52.089,"A",28.1,12,80.12594,24.616434,94.223567,116.22714,"A",55.821,14,200.982,54.715,450.662,316.439,"A",73.417,32,295.249,96.294,690.875,415.572,"A",158.28,40,622.062,209.164,1774.978,766.994,0,0,0,0,0,13,"",0,"",11,56.3,19.975,NA,395.947,594.581,1565.814
"EDR","10","1","36","6","27","3D",5.683,NA,25.804,6.918,10.071,28.828,"A",8.9,3,28.25906,9.308658,18.874511,41.83866,"A",10.284,4,53.147,15.766,50.933,80.744,"A",12.91,10,63.873,20.814,60.362,85.853,"A",34.012,10,146.759,40.762,174.922,165.507,0,0,0,0,0,13,"",0,"",5.5,10,3.153,NA,35.167,39.548,134.16
"EDR","11","2","31","5","29","3D",13.117,NA,35.282,9.747,25.412,50.996,"A",24.6,11,70.67104,21.825954,78.487882,102.66674,"A",40.079,12,132.264,33.503,218.378,192.296,"A",60.94,27,182.229,42.642,340.304,258.856,"A",5.911,6,44.9,8.999,32.546,61.352,0,0,0,1,0,13,"",1,"",12.9,32.9,15.665,NA,184.875,297.662,23.547
"EDR","12","2","1","1","27","hand",11.1,NA,40.78623,10.515015,25.72582,51.01914,"A",25.2,13,72.29188,22.304322,81.122092,104.99138,"M",NA,NA,NA,NA,NA,NA,"M",NA,NA,NA,NA,NA,NA,"M",NA,NA,NA,NA,NA,NA,NA,NA,NA,NA,NA,NA,"",0,"",11.1,NA,15.210805,NA,NA,NA,NA
"EDR","13","2","62","10","28","3D",9.96,NA,35.466,8.25,16.87,39.21,"A",18.7,9,54.73278,17.122002,53.980757,79.80778,"A",0.464,1,9.71,0.34,2.894,18.429,"D",NA,NA,NA,NA,NA,NA,"D",NA,NA,NA,NA,NA,NA,0,1,NA,NA,1,9,"",1,"",9.5,1,8.62,NA,2.554,NA,NA
"EDR","14","2","50","9","28","hand",6.7,NA,26.73131,6.426315,13.14534,33.36018,"A",15.7,7,46.62858,14.730162,42.491387,68.18458,"A",21.187,10,83.957,22.95,106.744,128.735,"A",0.954,1,20.651,6.681,9.441,39.306,"A",14.406,12,54.817,25.96,53.842,81.043,0,1,1,0,0,13,"b",2,"",6.7,22.1,6.719025,NA,83.794,2.76,27.882
"EDR","15","2","41","7","30","3D",9.019,NA,30.765,5.21,16.913,40.484,"A",14.8,5,44.19732,14.01261,39.17234,64.69762,"A",1.705,1,12.047,3.737,5.367,18.68,"A",3.143,3,13.66,4.142,6.192,20.662,"A",7.627,10,30.165,5.74,14.55,34.339,0,1,0,0,0,13,"b",1,"",10.6,2,11.703,NA,1.63,2.05,8.81
"EDR","16","2","13","4","29","3D",6.592,NA,17.052,3.544,6.645,23.679,"D",0,NA,4.2166,2.212866,-6.94964,7.3565,"D",NA,NA,NA,NA,NA,NA,"D",NA,NA,NA,NA,NA,NA,"D",NA,NA,NA,NA,NA,NA,1,NA,NA,NA,1,3,"",1,"",7.4,NA,3.101,NA,NA,NA,NA
"EDR","17","2","3","2","28","3D",7.499,NA,30.306,7.189,13.708,35.559,"M",NA,NA,NA,NA,NA,NA,"M",NA,NA,NA,NA,NA,NA,"M",NA,NA,NA,NA,NA,NA,"M",NA,NA,NA,NA,NA,NA,NA,NA,NA,NA,NA,NA,"",0,"",8.7,NA,6.519,NA,NA,NA,NA
"EDR","18","2","7","3","29","3D",11.02,NA,37.324,8.967,18.574,43.625,"A",23.1,9,66.61894,20.630034,72.017017,96.85514,"A",17.567,7,64.733,16.864,64.744,88.433,"A",21.914,13,81.426,25.551,82.036,101.893,"A",49.535,14,209.866,44.678,308.167,240.369,0,0,0,0,0,13,"b",0,"",11.9,19.4,9.607,NA,47.88,56.485,263.489
"EDR","19","2","36","6","28","3D",6.32,NA,20.433,4.399,8.192,25.624,"A",8.4,3,26.90836,8.910018,17.270836,39.90146,"A",2.959,1,29.401,8.723,19.851,45.832,"A",5.055,4,32.579,11.579,25.23,50.49,"A",6.011,7,76.812,25.032,56.489,81.399,0,1,0,0,0,13,"b",1,"",7.1,2.3,3.793,NA,11.128,13.651,31.457
"EDR","20","2","44","8","28","3D",7.633,NA,33.542,7.821,21.461,50.286,"A",7.8,3,25.28752,8.43165,15.37045,37.57682,"A",12.474,6,51.531,14.85,47.134,75.012,"A",23.443,10,78.503,21.794,83.852,103.569,"A",55.535,16,230.382,52.102,410.72,290.136,1,0,0,0,0,13,"",1,"",8.4,11.9,13.64,NA,32.284,62.058,358.618
"EDR","21","3","36","6","29","3D",9.55,NA,35.168,9.047,18.397,45.879,"A",5.9,3,20.963,6.4,12.914,31.394,"A",12.313,7,43.505,13.381,38.559,65.291,"A",14.771,10,64.058,20.667,64.047,89.601,"A",32.243,15,136.874,36.263,177.75,176.052,1,0,0,0,0,13,"",1,"",9.6,13.9,9.35,6.514,25.178,43.38,141.487
"EDR","22","3","44","8","30","3D",9.208,NA,36.117,7.583,26.568,54.816,"M",NA,NA,NA,NA,NA,NA,"M",NA,NA,NA,NA,NA,NA,"M",NA,NA,NA,NA,NA,NA,"M",NA,NA,NA,NA,NA,NA,NA,NA,NA,NA,NA,NA,"",0,"",10.2,NA,18.985,NA,NA,NA,NA
"EDR","23","3","31","5","30","3D",12.011,NA,35.74,9.554,25.215,51.595,"A",19.284,13,51.058,16.522,46.405,74.691,"A",44.729,14,130.446,36.538,219.84,196.362,"A",69.425,24,212.353,55.853,434.048,301.24,"A",125.356,29,268.198,48.487,561.32,354.041,0,0,0,0,0,13,"",0,"",10.7,45.6,15.661,29.883,183.302,378.195,512.833
"EDR","24","3","62","10","29","3D",5.4,NA,21.79,5.243,9.48,25.283,"D",9.046,5,27.89,10.024,18.836,39.856,"D",NA,NA,NA,NA,NA,NA,"D",NA,NA,NA,NA,NA,NA,"D",NA,NA,NA,NA,NA,NA,0,1,NA,NA,1,3,"",1,"",4.7,NA,4.237,8.812,NA,NA,NA
"EDR","25","3","13","4","30","3D",4.426,NA,12.438,2.371,4.444,16.893,"D",0,NA,4.2166,2.212866,-6.94964,7.3565,"D",NA,NA,NA,NA,NA,NA,"D",NA,NA,NA,NA,NA,NA,"D",NA,NA,NA,NA,NA,NA,1,NA,NA,NA,1,3,"",1,"",5.4,NA,2.073,NA,NA,NA,NA
"EDR","26","3","3","2","29","3D",16.847,NA,56.023,11.915,40.088,67.59,"A",23.428,12,74.935,23.187,89.752,110.646,"A",37.773,12,136.155,39.925,210.753,191.287,"A",62.471,23,252.792,92.883,437.627,307.771,"A",107.193,30,487.266,120.061,1068.912,541.81,0,0,0,0,0,13,"",0,"",16.4,42.2,28.173,66.565,170.828,344.744,948.851
"EDR","27","3","50","9","24","3D",21.925,NA,69.814,16.726,47.958,74.728,"A",37.201,17,104.783,31.792,137.235,149.134,"A",51.138,15,163.868,48.808,270.862,232.317,"A",64.324,24,216.943,83.816,382.397,281.927,"A",114.061,37,526.127,149.129,1226.554,607.934,0,0,0,0,0,13,"",0,"",20.5,55,31.232,105.443,222.054,298.581,1077.425
"EDR","28","3","41","7","29","3D",8.917,NA,25.905,4.723,18.059,43.742,"A",12.5698,5,40.645,12.622,28.133,57.806,"A",21.275,6,81.189,27.475,88.57,115.209,"A",29.076,13,112.095,34.837,157.531,162.123,"A",43.42,18,141.236,33.406,333.252,277.301,0,0,0,0,0,13,"",0,"",11.8,22.8,13.336,15.511,61.095,122.694,299.846
"EDR","29","3","1","1","28","3D",12.456,NA,44.91,9.848,27.385,52.59,"A",21.9,12,58.614,17.465,62.779,89.037,"A",34.895,15,114.974,37.875,154.121,154.697,"A",51.122,20,199.775,69.424,295.446,238.557,"A",102.26,30,399.927,117.403,827.593,464.198,0,0,0,0,0,13,"",0,"",14.4,31.7,17.537,45.314,116.246,226.022,710.19
"EDR","30","3","7","3","30","3D",12.293,NA,45.365,10.374,27.258,52.344,"A",8.01,5,7.112,8.5990788,16.03260394,38.390444,"D",0,NA,NA,NA,NA,NA,"D",NA,NA,NA,NA,NA,NA,"D",NA,NA,NA,NA,NA,NA,1,NA,NA,NA,1,6,"",1,"missing",12.1,NA,16.884,NA,NA,NA,NA
"Looe Key","1","1","36","6","2","3D",8.586,NA,37.191,9.004,20.38,45.305,"A",16.862,6,67.254,17.748,81.733,107.841,"A",21.097,7,88.973,26.836,133.924,149.709,"M",NA,NA,NA,NA,NA,NA,"M",NA,NA,NA,NA,NA,NA,0,0,NA,NA,NA,NA,"",0,"",10.3,NA,11.376,63.985,107.088,NA,NA
"Looe Key","2","1","3","2","3","3D",8.66,NA,38.515,9.06,20.434,45.263,"A",1.423,1,8.813,2.294,3.269,13.204,"A",1.562,1,8.847,2.065,3.324,13.228,"A",3.468,4,10.932,2.152,4.556,15.374,"A",9.144,5,26.07,5.485,16.998,36.008,1,0,0,0,0,13,"b",1,"",9.6,2.1,11.374,0.975,1.259,2.404,11.513
"Looe Key","3","1","62","10","3","hand",12.6,NA,45.57768,11.90889,30.01462,57.03924,"D",0,NA,NA,NA,NA,NA,"D",NA,NA,NA,NA,NA,NA,"D",NA,NA,NA,NA,NA,NA,"D",NA,NA,NA,NA,NA,NA,1,NA,NA,NA,1,3,"",1,"",12.6,NA,18.10573,NA,NA,NA,NA
"Looe Key","4","1","31","5","1","3D",7.818,NA,29.072,5.566,13.197,34,"A",19.824281,8,60.012074,13.410161,64.410355,93.323326,"A",11.304,8,43.192,9.627,35.669,61.122,"A",20.1106,12,62.79,14.774,65.231,89.04,"A",29.093,16,90.721,22.457,116.919,130.245,0,0,0,0,0,13,"",0,"",9.3,11.2,7.631,51.000194,26.042,50.457,94.462
"Looe Key","5","1","50","9","1","3D",8.547,NA,40.71,8.575,24.921,54.798,"A",14.712,7,49.26,10.907,42.957,74.12,"A",2.227,1,13.339,3.811,6.223,19.224,"A",6.907,6,18.695,4.935,9.888,25.583,"A",11.974,9,31.767,6.199,20.41,39.942,0,1,0,0,0,13,"",1,"",9.7,2.6,16.346,32.05,2.412,4.953,14.211
"Looe Key","6","1","13","4","1","3D",3.893,NA,14.537,4.348,6.134,19.143,"D",0,NA,NA,NA,NA,NA,"D",NA,NA,NA,NA,NA,NA,"D",NA,NA,NA,NA,NA,NA,"D",NA,NA,NA,NA,NA,NA,0,NA,NA,NA,1,3,"",0,"",5.1,NA,1.786,NA,NA,NA,NA
"Looe Key","7","1","44","8","2","3D",5.245,NA,27.696,6.101,10.891,30.257,"D",0,NA,NA,NA,NA,NA,"D",0.438,1,2.659,0.443,0.607,5.699,"D",NA,NA,NA,NA,NA,NA,"D",NA,NA,NA,NA,NA,NA,1,NA,NA,NA,1,3,"",1,"",6.1,NA,4.79,NA,0.164,NA,NA
"Looe Key","8","1","1","1","3","3D",7.276,NA,37.988,11.971,22.017,46.816,"A",17.499852,10,51.301624,12.47811,43.875984,73.275459,"A",2.095,1,19.122,5.475,10.659,29.384,"A",6.1,6,NA,NA,NA,NA,"A",7.924,8,22.894,5.377,9.182,23.928,0,1,0,0,0,13,"b",1,"",6.7,2.2,10.046,31.397874,5.184,NA,3.805
"Looe Key","9","1","7","3","2","3D",8.106,NA,27.389,8.522,16.31,37.716,"A",18.06,9,59.858,15.901,54.981,80.149,"A",0.532,1,4.106,0.802,1.075,6.389,"A",1.026,1,5.892,1.325,2.021,9.278,"A",4.878,5,11.444,2.969,4.866,16.103,0,1,0,0,0,13,"b",1,"",6.9,1.3,7.788,39.08,0.273,0.696,1.897
"Looe Key","10","1","41","7","10","3D",7.844,NA,30.3855892,7.489377,16.4162648,37.9515096,"A",8.797,4,25.499,4.873,11.36,32.333,"A",0.491,1,4.133,0.56,0.98,7.614,"D",NA,NA,NA,NA,NA,NA,"D",NA,NA,NA,NA,NA,NA,0,1,NA,NA,1,9,"",1,"",9.1,NA,8.9268878,6.487,0.42,NA,NA
"Looe Key","11","2","7","3","1","3D",11.296,NA,40.351,13.845,27.512,55.342,"A",21.992596,7,76.781639,17.438324,103.374893,126.063385,"A",21.559,7,91.812,25.234,147.681,155.293,"A",29.841,11,134.405,46.962,235.773,209.338,"A",0,0,4.123,0,0,4.123,0,0,0,1,0,13,"b",1,"",10.7,24.5,13.667,85.936569,122.447,188.811,0
"Looe Key","12","2","1","1","1","3D",8.359,NA,34.854,10.422,23.343,48.866,"A",13.19,8,49.634,13.71,38.757,66.323,"A",19.484,9,67.379,18.801,71.88,95.768,"A",19.497,9,69.537,21.521,63.441,85.919,"A",24.851,14,93.06,22.87,75.55,96.528,0,0,0,0,0,13,"",0,"partial mortality",6.4,20.1,12.921,25.047,53.079,41.92,52.68
"Looe Key","13","2","41","7","3","3D",4.481,NA,16.077,3.265,5.953,19.951,"A",7.489,4,29.371,7.429,18.9,41.926,"A",11.418,5,40.104,10.809,39.369,68.1,"A",18.497,11,61.908,17.498,70.27,96.303,"A",27.693,16,75.169,20.01,88.227,109.742,0,0,0,0,0,13,"",0,"",6.4,11.7,2.688,11.471,28.56,52.772,68.217
"Looe Key","14","2","13","4","3","3D",6.102,NA,23.174,4.996,10.162,28.44,"A",1.5,1,NA,NA,NA,NA,"A",1.696,1,9.875,3.232,4.106,15.071,"A",2.159,1,15.063,5.314,8.042,23.675,"A",3.089,4,6.023,0.912,2.147,9.123,0,1,0,0,0,13,"b",1,"",7.8,1.8,5.166,NA,0.874,2.728,1.235
"Looe Key","15","2","31","5","2","3D",3.597,NA,13.672,2.338,4.874,17.219,"A",2.2,1,NA,NA,NA,NA,"A",3.794,2,19.704,5.53,12.313,31.771,"A",10.279,7,36.622,10.59,29.879,55.332,"A",18.583,12,56.486,17.067,51.34,75.097,0,1,0,0,0,13,"",1,"",4.4,4,2.536,NA,6.783,19.289,34.273
"Looe Key","16","2","3","2","2","3D",13.395,NA,48.462,11.756,37.445,64.814,"A",21.549163,11,76.190437,19.764742,89.674904,114.258774,"A",26.617,12,94.974,28.33,148.006,155.217,"A",47.002,22,169.3,56.51,323.552,250.553,"A",56.254,22,227.458,80.22,394.448,281.018,0,1,0,0,0,13,"",1,"",13.4,27,25.689,69.910162,119.676,267.042,314.228
"Looe Key","17","2","36","6","4","3D",7.55,NA,29.446465,7.2161775,15.57566,36.77157,"A",10.46265,4,46.630375,11.091997,42.406616,72.074417,"A",1.869,1,25.59,7.454,16.039,44.471,"A",8.304,6,44.225,19.246,38.434,70.093,"A",14.05,11,86.229,39.444,68.999,91.854,0,1,0,0,0,13,"b",1,"",10.2,2.8,8.3594825,31.314619,8.585,19.188,29.555
"Looe Key","18","2","62","10","2","hand",9.1,NA,34.39763,8.656515,20.00742,42.99234,"D",0,NA,NA,NA,NA,NA,"D",0.303,1,3.791,0.586,0.776,7.435,"D",NA,NA,NA,NA,NA,NA,"D",NA,NA,NA,NA,NA,NA,1,NA,NA,NA,1,3,"",1,"",9.1,NA,11.350905,NA,0.19,NA,NA
"Looe Key","19","2","44","8","4","3D",7.68,NA,32.809,6.836,14.51,37.231,"A",5.315,3,23.645,5.917,12.871,30.632,"A",9.038,6,36.278,12.951,29.823,54.599,"A",15.936,12,56.581,15.916,48.856,73.658,"A",26.26,15,91.045,37.788,99.793,113.47,1,0,0,0,0,13,"",1,"",8.8,8.1,7.674,6.954,16.872,32.94,62.005
"Looe Key","20","2","50","9","2","3D",13.52,NA,67.59,17.599,50.891,79.052,"A",22.18736,6,87.50528,22.756418,114.296387,132.5271,"A",42.731,10,170.894,50.069,360.22,292.25,"A",58.715,15,217.319,65.243,460.369,356.53,"A",74.48,24,296.57,102.497,626.445,427.274,0,0,0,0,0,13,"",0,"",13.8,45.8,33.292,91.539969,310.151,395.126,523.948
"Looe Key","21","3","50","9","3","3D",14.667,NA,65.727,18.784,54.713,84.212,"A",20.762678,8,82.647797,24.443645,85.862724,110.920998,"A",31.492,13,115.045,27.988,152.931,161.474,"M",NA,NA,NA,NA,NA,NA,"M",NA,NA,NA,NA,NA,NA,0,0,NA,NA,NA,NA,"",0,"",14.7,NA,35.929,61.419079,124.943,NA,NA
"Looe Key","22","3","44","8","3","3D",4.069,NA,22.917,5.686,9.277,26.232,"A",1.029,1,9.894,3.576,4.75,16.348,"A",1.199,1,11.972,3.966,4.983,17.586,"A",1.268,1,13.063,4.363,6.099,19.24,"A",6.249,7,15.734,4.844,7.681,21.753,1,0,0,0,0,13,"b",1,"",5.4,1.6,3.591,1.174,1.017,1.736,2.837
"Looe Key","23","3","1","1","2","3D",12.406,NA,48.788,15.878,33.198,58.556,"A",12.78,6,42.441,11.801,29.334,53.2,"A",16.797,10,55.081,15.246,45.991,70.845,"M",NA,NA,NA,NA,NA,NA,"M",NA,NA,NA,NA,NA,NA,0,0,NA,NA,NA,NA,"",0,"",10,NA,17.32,17.533,30.745,NA,NA
"Looe Key","24","3","62","10","1","hand",6.3,NA,25.45359,6.054615,12.00166,31.75482,"A",10.1,5,NA,NA,NA,NA,"A",12.926,7,43.068,11.493,31.439,58.97,"M",NA,NA,NA,NA,NA,NA,"M",NA,NA,NA,NA,NA,NA,NA,NA,NA,NA,NA,NA,"",0,"",6.3,NA,5.947045,NA,19.946,NA,NA
"Looe Key","25","3","13","4","2","3D",3.647,NA,14.827,3.66,5.91,19.358,"A",4.343331,2,20.169464,4.259604,9.409608,26.097605,"A",10.596,7,51.635,7.904,29.535,54.474,"M",NA,NA,NA,NA,NA,NA,"M",NA,NA,NA,NA,NA,NA,0,0,NA,NA,NA,NA,"",0,"",4.2,NA,2.25,5.150004,21.631,NA,NA
"Looe Key","26","3","31","5","3","3D",5.063,NA,23.691,5.13,10.485,29.259,"A",9.62919,6,40.511425,10.957216,30.206099,56.419472,"A",20.236,12,77.253,18.776,82.078,105.292,"A",36.702,20,112.786,29.389,135.336,140.444,"A",55.225,24,137.838,30.221,149.112,148.572,0,0,0,0,0,13,"",0,"",6.1,20.2,5.355,19.248883,63.302,105.947,118.891
"Looe Key","27","3","41","7","2","3D",9.952,NA,34.461,7.828,18.803,43.982,"D",0,NA,NA,NA,NA,NA,"D",NA,NA,NA,NA,NA,NA,"D",NA,NA,NA,NA,NA,NA,"D",NA,NA,NA,NA,NA,NA,1,NA,NA,NA,1,3,"",1,"",11.9,NA,10.975,NA,NA,NA,NA
"Looe Key","28","3","36","6","3","3D",6.932,NA,26.616,5.895,12.08,33.227,"A",0.54758,1,6.724902,0.883497,1.697622,12.260169,"A",0.495,1,7.27,1.299,2.063,12.157,"A",0.744,1,7.791,2.205,2.917,14.188,"A",0,0,2.807,0,0,2.807,1,0,0,1,0,13,"b",2,"",8.5,0.7,6.185,0.814125,0.764,0.712,0
"Looe Key","29","3","7","3","3","3D",8.22,NA,28.178,8.829,20.65,45.365,"A",9.149,4,38.417,10.311,29.486,54.888,"A",19.397,11,70.104,21.439,79.73,101.898,"A",29.762,15,98.188,26.96,124.111,130.879,"A",46.125,22,163.882,59.734,229.903,197.337,1,0,0,0,0,13,"",1,"",8.8,19.2,11.821,19.175,58.291,97.151,170.169
"Looe Key","30","3","3","2","1","3D",8.209,NA,35.154,8.608,20.387,46.495,"A",13.33972,5,55.045,13.664,53.204,82.986,"A",4.605,3,27.699,8.23,21.102,45.051,"A",4.5486,4,27.112,7.572,19.641,42.871,"A",14.427,12,50.556,16.243,46.013,71.358,0,1,0,0,0,13,"",1,"",8.9,3.6,11.779,39.54,12.872,12.069,29.77
"Marker 32","1","1","50","9","25","3D",5.76,NA,28.913,6.987,11.708,30.51,"A",15.475916,9,55.966225,12.594481,54.127888,81.504425,"A",34.227,12,124.509,28.172,212.69,192.248,"A",61.022,27,215.345,60.012,379.738,273.258,"A",139.295,42,513.038,146.201,1236.274,592.41,0,0,0,0,0,13,"",0,"",6.6,34.4,4.721,41.533407,184.518,319.726,1090.073
"Marker 32","2","1","44","8","26","3D",8.093,NA,33.425,8.163,19.186,44.333,"A",11.374,6,43.734,11.518,32.573,61.321,"A",20.768,8,74.506,21.463,103.298,125.053,"A",32.339,20,106.123,32.8,155.04,156.658,"A",69.825,23,272.908,83.884,535.008,346.65,0,0,0,0,0,13,"",0,"",10,22.5,11.023,21.055,81.835,122.24,451.124
"Marker 32","3","1","36","6","24","3D",6.455,NA,32.361,9.641,16.325,39.818,"A",27.783877,11,78.810547,14.468032,83.025627,110.714012,"A",16.2287,7,63.197,14.174,59.21,90.748,"A",26.343,12,121.181,51.467,178.784,179.083,"A",48.134,20,187.898,77.68,353.985,278.319,0,0,0,0,0,13,"",0,"",6.3,21,6.684,68.557595,45.036,127.317,276.305
"Marker 32","4","1","1","1","24","hand",8,NA,30.8839,7.63434,16.8623,38.5776,"A",7.398,4,40.749,9.497,27.167,52.199,"A",21.56,11,83.819,23.243,126.316,137.484,"A",25.6342,15,105.146,31.304,151.813,153.092,"A",68.658,25,247.463,94.491,475.242,380.751,1,0,0,0,0,13,"",1,"",8,25.4,9.22796,17.67,103.073,120.509,380.751
"Marker 32","5","1","41","7","24","3D",4.482,NA,18.016,3.253,10.316,29.406,"A",6.661,3,24.717,4.857,12.321,32.968,"A",15.758,6,51.814,10.993,53.105,84.701,"A",24.727,10,70.409,14.892,106.428,127.084,"A",44.115,17,121.514,25.958,239.868,211.36,0,0,0,0,0,13,"",0,"",6.2,16.9,7.063,7.464,42.112,91.536,213.91
"Marker 32","6","1","3","2","24","3D",4.69,NA,20.433,3.632,7.33,23.591,"A",7.283,5,30.982,6.496,20.876,44.437,"A",17.436,9,67.543,17.338,80.071,103.312,"A",26.881,17,96.023,30.596,121.538,132.299,"A",54.287,27,191.445,69.366,309.933,240.775,0,0,0,0,0,13,"",0,"",6.1,20.9,3.698,14.38,62.733,90.942,240.567
"Marker 32","7","1","13","4","25","3D",4.268,NA,10.982,2.224,3.902,15.361,"A",4.141,2,18.763,3.828,10.283,27.385,"A",8.503,5,32.116,7.972,30.391,55.836,"A",8.5351,6,34.368,7.998,29.742,55.353,"A",19.452,9,60.983,12.797,77.119,99.369,1,0,0,0,0,13,"",1,"",6.2,11.5,1.678,6.455,22.419,21.744,64.322
"Marker 32","8","1","62","10","23","3D",9.83,NA,37.709,9.923,22.26,45.922122,"A",19.331436,9,75.41449,15.169227,76.340042,100.046272,"A",35.8,8,139.914,46.829,259.246,224.048,"A",56.27588702,20,175.53,47.633,344.67,269.674,"A",102.706,34,362.735,114.954,911.682,519.405,0,0,0,0,0,13,"",0,"",9.3,36.4,12.337,61.170815,212.417,297.037,796.728
"Marker 32","9","1","7","3","25","3D",4.763,NA,25.433,6.236,9.562,26.914,"A",6.456,3,34.398,8.551,20.906,43.563,"A",14.069,7,51.173,15.122,56.539,82.538,"A",20.5463,12,78.157,23.246,95.03,113.132,"A",43.034,19,150.454,56.503,224.062,191.815,0,0,0,0,0,13,"",0,"",5.9,17.1,3.326,12.355,41.417,71.784,167.559
"Marker 32","10","1","31","5","24","3D",11.717,NA,32.173,8.194,18.454,44.053,"A",25.745,10,78.572,14.653,81.213,107.785,"A",1.697,1,14.261,3.895,6.798,25.968,"A",9.912,7,32.234,6.801,20.091,45.211,"A",19.916,11,70.332,12.697,47.286,74.392,0,1,0,0,0,13,"",1,"",11,2.2,10.26,66.56,2.903,13.29,34.589
"Marker 32","11","2","31","5","26","3D",10.01,NA,30.585,7.632,20.057,44.845,"A",0.05,0,NA,NA,NA,NA,"A",0.57,1,3.992,0.955,1.177,7.895,"A",0.898,1,7.807,2.162,3.054,13.5887,"A",10.262,7,26.253,5.43,14.388,33.21,1,0,0,0,0,13,"b",1,"",9.7,1,12.425,NA,0.222,0.892,8.958
"Marker 32","12","2","36","6","25","3D",5.661,NA,23.075,5.607,10.721,29.528,"A",8.536,4,43.125,9.282,32.425,60.35,"A",10.114,3,58.596,17.3,75.276,104.528,"A",17.2277,7,113.463,67.643,160.561,161.904,"A",40.554,17,181.742,74.262,295.531,236.058,0,0,0,0,0,13,"",0,"",5.7,9.5,5.114,23.143,57.976,92.918,221.269
"Marker 32","13","2","3","2","26","3D",6.583,NA,28.745,5.727,12.302,34.411,"A",10.605,6,40.289,8.152,25.592,55.192,"A",10.511,9,30.354,8.453,22.629,45.045,"A",18.932,12,60.027,17.129,54.007,77.165,"A",34.509,24,87.331,18.709,85.558,104.665,0,1,0,0,0,13,"",1,"",7.6,10.8,6.575,17.44,14.176,36.878,66.849
"Marker 32","14","2","13","4","26","3D",5.426,NA,15.821,3.692,6.48,21.712,"D",1.2,1,NA,NA,NA,NA,"D",NA,NA,NA,NA,NA,NA,"D",NA,NA,NA,NA,NA,NA,"D",NA,NA,NA,NA,NA,NA,1,NA,NA,NA,1,3,"",1,"",6.5,NA,2.788,NA,NA,NA,NA
"Marker 32","15","2","44","8","27","3D",10.864,NA,32.577,8.13,13.664,36.963,"A",11.576826,6,55.364502,13.079731,40.32058,72.85878,"A",1.366,1,12.557,2.647,5.987,21.074,"A",8.147,6,30.529,11,21.518,44.578,"A",34.604,20,112.252,23.674,111.369,124.334,0,1,0,0,0,13,"b",1,"",8.2,3.3,5.534,27.240849,3.34,10.518,87.695
"Marker 32","16","2","62","10","27","3D",5.203,NA,21.872,4.687,7.46,23.247,"A",6.386,2,33.027,7.595,22.133,45.178,"A",10.742,5,51.407,16.128,54.804,82.342,"A",19.507,9,90.217,36.823,127.656,140.544,"A",31.969,15,141.164,56.113,196.646,178.344,0,0,0,0,0,13,"",0,"",7,12,2.773,14.538,38.676,90.833,140.533
"Marker 32","17","2","1","1","26","hand",14.8,NA,52.60514,13.95324,36.30486,65.86872,"A",23.922769,12,73.834167,15.911696,71.588585,94.912605,"A",27.837,12,85.619,22.077,103.051,124.266,"A",30.27,9,124.98,38.524,175.623,170.366,"A",43.293,18,141.21,37.108,216.247,193.985,0,0,0,0,0,13,"",0,"",14.8,28.1,22.35162,55.676889,80.974,137.099,179.139
"Marker 32","18","2","41","7","27","3D",7.475,NA,27.097,5.051,15.341,36.547,"A",16.137929,8,48.252064,8.620129,34.668671,62.215073,"A",24.014,8,79.878,21.86,105.807,123.762,"A",29.725,9,100.599,28.053,156.543,159.939,"A",41.515,17,122.691,25.982,169.632,166.002,0,0,0,0,0,13,"",0,"",8.7,26.9,10.29,26.048542,83.947,128.49,143.65
"Marker 32","19","2","50","9","27","hand",6.5,NA,26.09245,6.240465,12.5735,32.5575,"A",8.336,5,33.002,9.151,25.821,51.849,"A",15.279,7,45.513,12.309,40.665,68.743,"A",20.094,9,79.727,20.889,89.705,109.224,"A",23.164,12,66.071,16.469,82.269,105.07,0,0,0,0,0,13,"",0,"",6.5,14.9,6.333035,16.67,28.356,68.816,65.8
"Marker 32","20","2","7","3","27","3D",15.444,NA,62.911,19.263,52.501,88.558,"A",20.477554,8,87.107529,26.54096,115.468239,139.303741,"A",29.505,11,112.541,41.809,201.227,195.664,"A",36.071,13,118.632,40.566,179.584,184.061,"M",NA,NA,NA,NA,NA,NA,0,0,0,NA,NA,NA,"",0,"missing",14.2,29.7,33.238,88.927279,159.418,139.018,NA
"Marker 32","21","3","36","6","26","3D",9.049,NA,38.181,10.241,18.979,45.191,"A",13.463,6,61.541,14.624,48.464,80.132,"A",15.694,7,76.375,22.036,96.501,122.527,"A",22.407,11,110.106,45.278,138.824,148.15,"A",49.123,16,209.874,96.528,380.549,274.554,0,0,0,0,0,13,"",0,"",8.6,16.2,8.738,33.84,74.465,93.546,284.021
"Marker 32","22","3","41","7","25","3D",7.678,NA,24.971,4.394,12.784,33.696,"D",0,NA,NA,NA,NA,NA,"D",NA,NA,NA,NA,NA,NA,"D",NA,NA,NA,NA,NA,NA,"D",NA,NA,NA,NA,NA,NA,1,NA,NA,NA,1,3,"",1,"dead",8.9,NA,8.39,NA,NA,NA,NA
"Marker 32","23","3","13","4","27","3D",3.64,NA,10.287,1.978,3.318,14.209,"A",1.56267,1,7.095284,1.705807,2.681373,10.913185,"A",1.519,1,7.949,2.176,3.271,12.891,"A",1.61,1,10.939,3.058,4.756,17.111,"A",8.596,8,24.441,5.872,15.83,36.414,0,1,0,0,0,13,"b",1,"",5.3,2,1.34,0.975566,1.095,1.698,9.958
"Marker 32","24","3","50","9","26","hand",12.2,NA,44.29996,11.53719,28.87094,55.43388,"A",23.053,14,77.319,19.044,68.709,96.71,"A",32.837,12,103.996,23.264,147.478,158.888,"A",43.914,20,124.134,27.89,181.127,175.668,"A",61.336,22,133.625,25.756,194.015,185.243,0,0,0,0,0,13,"",0,"",12.2,36,17.33375,49.665,124.214,153.237,168.259
"Marker 32","25","3","7","3","24","3D",11.89,NA,44.054,8.737,28.418,55.217,"M",NA,NA,NA,NA,NA,NA,"M",NA,NA,NA,NA,NA,NA,"M",NA,NA,NA,NA,NA,NA,"M",NA,NA,NA,NA,NA,NA,NA,NA,NA,NA,NA,NA,"",0,"dead",12.6,NA,19.681,NA,NA,NA,NA
"Marker 32","26","3","44","8","25","3D",8.833,NA,40.482,10.056,27.709,58.021,"A",11.2,6,44.487,11.118,31.106,58.512,"A",24.576,8,92.505,24.769,116.122,134.805,"A",31.356,13,115.078,34.727,165.64,165.976,"A",61.175,19,211.667,68.096,367.999,276.959,0,0,0,0,0,13,"",0,"",9.4,25.3,17.653,19.988,91.353,130.913,299.903
"Marker 32","27","3","1","1","25","hand",10.5,NA,38.86965,9.957465,24.0103,48.6111,"A",26.147,14,81.375,16.52,87.682,108.034,"A",34.035,13,104.141,25.839,128.698,136.005,"M",NA,NA,NA,NA,NA,NA,"M",NA,NA,NA,NA,NA,NA,0,0,NA,NA,NA,NA,"",0,"dead",10.5,30.6,14.052835,71.162,102.859,NA,NA
"Marker 32","28","3","62","10","26","3D",6.2,NA,27.015,6.772,11.809,31.253,"A",9.199,5,42.089,10.232,27.4,53.616,"A",14.673,5,64.002,20.117,74.459,100.155,"A",26.344,17,94.818,28.69,122.159,133.247,"A",50.153,23,170.054,61.404,252.71,213.95,0,0,0,0,0,13,"b",0,"",5.4,16,5.037,17.168,54.342,93.469,191.306
"Marker 32","29","3","3","2","25","3D",9.697,NA,37.05,7.85,19.385,43.789,"A",17.809,8,63.945,13.196,66.682,94.003,"A",4.061,4,20.43,4.506,11.896,30.639,"A",6.484,5,25.524,7.642,16.87,39.629,"A",11.581,8,43.684,15.138,36.218,60.562,0,1,0,0,0,13,"",1,"",7.7,4.6,11.535,53.486,7.39,9.228,21.08
"Marker 32","30","3","31","5","25","3D",6.441,NA,29.383,9.253,17.925,39.434,"A",18.087,9,66.04,14.917,64.71,86.352,"A",28.53,10,95.727,23.119,120.656,130.821,"A",43.938,18,128.156,35.731,204.043,183.949,"A",59.036,17,153.14,30.432,311.321,252.022,0,0,0,0,0,13,"",0,"",6.2,28.1,8.672,49.793,97.537,168.312,280.889
"Maryland Shoals","1","1","31","5","22","3D",13.515,NA,36.531,10.075,26.256,52.962,"A",0,0,0.141,0,0,0.141,"A",0.14,1,0.396,0.009,0.037,0.837,"A",0,0,0.971,0,0,0.971,"A",0.835,2,1.89,0.206,0.477,3.663,1,0,0,0,0,13,"b",1,"",12.5,NA,16.181,0,0.028,0,0.271
"Maryland Shoals","2","1","41","7","22","3D",11.637,NA,41.405,8.592,37.957,65.811,"A",21.9,9,67.103,16.322,70.901,97.605,"A",30.554,9,108.502,25.905,166.564,167.744,"A",48.192,18,150.64,38.538,326.309,256.625,"A",50.952,21,170.283,35.859,338.349,261.189,0,0,0,0,0,13,"",0,"",13.5,29.4,29.365,54.579,140.659,287.771,302.49
"Maryland Shoals","3","1","3","2","23","3D",8.941,NA,30.089,6.352,13.83,34.559,"A",1.516,1,12.434,3.457,4.912,18.752,"A",4.266,4,23.032,5.683,13.071,35.303,"A",10.791,10,38.081,8.462,30.322,56.185,"A",20.003,13,59.999,12.591,44.071,67.486,1,0,0,0,0,13,"",1,"",8.4,3,7.478,1.455,7.388,21.86,31.48
"Maryland Shoals","4","1","50","9","23","3D",8.34,NA,33.684,7.089,14.671,37.736,"A",6.69,5,16.31,3.224,5.66,17.432,"A",11.679,7,27.116,6.841,11.782,28.497,"A",18.799,12,46.639,12.923,32.065,58.051,"A",32.56,17,87.072,18.33,79.853,102.887,0,0,0,0,0,13,"",0,"",9.4,7.5,7.582,2.436,4.941,19.142,61.523
"Maryland Shoals","5","1","62","10","22","3D",7.494,NA,25.656,6.78,12.46,36.5468196,"A",9.329,4,41.622,9.836,29.546,53.974,"A",1.594,2,11.815,3.289,4.901,17.966,"A",5.136,4,13.381,4.349,6.937,20.763,"A",6.317,5,21.977,5.67,11.73,29.821,0,1,0,0,0,13,"",1,"",9.3,7.3,5.68,19.71,1.612,2.588,6.06
"Maryland Shoals","6","1","13","4","23","3D",3.929,NA,14.12,3.37,4.862,17.982,"A",4.681,1,27.754,6.746,18.2,40.747,"A",2.609,1,23.489,5.583,15.659,39.248,"A",8.986,9,37.741,10.179,33.534,61.471,"A",15.906,9,43.455,8.448,32.656,54.962,0,1,0,0,0,13,"",1,"",5.1,7.3,1.492,11.454,10.076,23.355,24.208
"Maryland Shoals","7","1","36","6","22","3D",7.795,NA,28.472,6.696,12.194,34.784,"A",5.333,2,29.763,7.196,19.133,41.395,"A",7.052,2,43.539,12.328,36.133,62.358,"A",8.318,4,27.824,8.322,15.792,35.962,"A",2.702,2,5.246,1.13,1.52,7.475,1,0,0,0,0,13,"",1,"",7.8,6.7,5.498,11.937,23.805,7.47,0.39
"Maryland Shoals","8","1","7","3","22","3D",8.827,NA,34.529,8.147,16.23,38.613,"A",16.137,7,51.359,12.82,47.976,75.625,"A",23.617,8,87.375,21.881,113.636,131.309,"A",39.403,14,131.026,37.176,234.347,208.447,"A",47.572,17,176.905,43.137,309.947,251.775,0,0,0,0,0,13,"",0,"",6.9,21.7,8.083,35.156,91.755,197.171,266.81
"Maryland Shoals","9","1","44","8","24","3D",7.651,NA,32.949,7.526,14.874,38.178,"A",5.828,2,27.955,7.622,15.55,35.424,"A",8.042,3,39.764,12.483,32.178,58.016,"A",21.913,12,75.619,22.479,84.611,104.975,"A",37.059,18,146.019,40.467,165.381,156.961,1,0,0,0,0,13,"",1,"",8.8,11.9,7.348,7.928,19.695,62.132,124.914
"Maryland Shoals","10","1","1","1","23","3D",5.731,NA,36.628,13.794,21.162,44.599,"A",10.914,6,42.521,11.237,32.944,59.901,"A",11.155,7,34.901,9.429,21.66,44.641,"A",0,0,1.097,0,0,1.097,"A",0,0,0.382,0,0,0.382,0,0,1,0,0,13,"",1,"",6.6,8.6,7.368,21.707,12.231,0,0
"Maryland Shoals","11","2","62","10","21","3D",8.16,NA,33.98,8.96,19.04,39.219744,"A",8.87,3,43.869,11.021,28.671,58.333,"A",10.501,4,51.527,16.542,54.494,82.291,"A",18.688,11,70.881,21.633,89.396,109.854,"A",28.665,12,129.387,48.02,181.83,169.068,0,0,0,0,0,13,"",0,"",9.8,11,10.08,17.65,37.952,67.763,133.81
"Maryland Shoals","12","2","41","7","21","3D",12.059,NA,42.598,8.748,31.767,59.156,"A",0.54,1,2.304,0.698,0.995,6.927,"A",0.492,1,2.459,0.614,0.847,6.217,"A",0,0,0.919,0,0,0.919,"A",0,0,1.651,0,0,1.651,1,0,0,0,0,13,"",1,"",14,0.4,23.019,0.297,0.233,0,0
"Maryland Shoals","13","2","44","8","23","3D",11.141,NA,39.771,10.867,23.912,49.402,"A",16.752,8,54.982,14.843,48.006,77.857,"A",1.33,1,18.619,5.532,8.648,34.707,"A",4.047,5,27.458,8.2,17.814,45.256,"A",14.305,12,53.142,15.187,37.116,63.934,0,1,0,0,0,13,"",1,"",12.2,1.4,13.045,33.163,3.116,9.614,21.929
"Maryland Shoals","14","2","13","4","22","3D",4.063,NA,11.077,2.372,3.788,15.895,"A",4.733,2,21.259,4.658,10.606,28.587,"A",7.818,5,30.214,8,25.636,50.617,"A",12.637,8,42.989,10.517,38.295,64.189,"A",25.632,15,83.544,17.349,81.584,106.178,0,0,0,0,0,13,"",0,"",5.9,7.3,1.416,5.948,17.636,27.778,64.235
"Maryland Shoals","15","2","50","9","22","3D",10.629,NA,42.482,8.373,19.652,44.858,"A",7.402,3,36.75,9.252,22.415,46.156,"A",13.589,5,55.184,14.18,60.51,89.638,"A",20.371,11,72.319,18.153,74.741,99.842,"A",32.995,21,113.549,23.023,115.308,128.231,1,0,0,0,0,13,"",1,"",10.9,12.8,11.279,13.163,46.33,56.588,92.285
"Maryland Shoals","16","2","1","1","22","3D",9.912,NA,35.236,6.348,20.026,43.697,"A",1.394,1,10.178,3.043,4.313,15.989,"A",4.693,4,20.852,7.205,12.651,33.989,"A",8.949,8,28.94,6.158,17.256,37.994,"A",19.25,14,55.725,12.236,39.151,61.26,1,0,0,0,0,13,"",1,"",10.3,3.9,13.678,1.27,5.446,11.098,26.915
"Maryland Shoals","17","2","3","2","22","3D",10.183,NA,37.444,7.428,21.612,45.019,"A",9.728,6,35.592,9.195,29.068,49.737,"A",26.001,12,90.104,24.089,137.825,146.263,"A",38.429,19,125.79,29.015,185.704,172.799,"A",52.905,25,204.491,60.219,312.576,247.135,0,0,0,0,0,13,"",0,"",13.1,25.9,14.184,19.873,113.736,156.689,252.357
"Maryland Shoals","18","2","36","6","21","3D",9.603,NA,39.809,13.388,26.073,56.462,"A",6.622,2,40.834,15.014,26.87,52.104,"A",8.878,2,55.997,21.907,58.512,89.494,"A",11.971,4,69.537,30.471,83.791,110.273,"A",21.374,10,107.908,40.808,124.438,137.915,0,0,0,0,0,13,"",0,"",10.6,8.5,12.685,11.856,36.605,53.32,83.63
"Maryland Shoals","19","2","31","5","21","3D",9.38,NA,37.611,12.62,26.903,53.295,"A",11.586,6,45.668,13.203,32.395,57.497,"A",18.621,9,70.46,22.838,77.862,103.354,"A",30.975,15,90.254,22.877,119.381,132.521,"A",38.397,15,134.509,32.51,199.295,186.03,0,0,0,0,0,13,"",0,"",8.7,18.9,14.283,19.192,55.024,96.504,166.785
"Maryland Shoals","20","2","7","3","21","3D",10.526,NA,35.249,7.892,19.006,40.932,"A",15.623,7,49.217,11.249,42.505,68.887,"A",21.564,7,79.473,25.043,113.769,130.484,"A",28.723,14,123.004,20.109,150.312,154.477,"A",41.097,23,152.014,39.529,225.623,199.738,0,0,0,0,0,13,"",0,"",9.7,20,11.114,31.256,88.726,130.203,186.094
"Maryland Shoals","21","3","7","3","23","3D",7.6,NA,38.461,10.626,16.627,41.384,"A",12.51,5,54.258,14.773,49.777,81.192,"A",8.576,4,28.029,5.767,13.619,33.337,"A",9.241,5,24.058,4.321,12.49,31.36,"D",1.475,1,7.396,1.515,2.644,10.709,0,0,0,1,1,12,"b",1,"dead, intact",7.1,8.7,6.001,35.004,7.852,8.169,1.129
"Maryland Shoals","22","3","1","1","21","3D",5.516,NA,25.61,5.859,11.17,29.69,"A",11.152,6,42.413,10.685,32.641,61,"A",7.896,4,29.352,6.751,13.758,33.616,"A",7.413,4,20.339,4.509,9.575,25.999,"A",9.319,5,39.627,10.822,62.888,110.354,0,0,0,0,0,13,"b",0,"",6,1.4,5.311,21.956,7.007,5.066,52.066
"Maryland Shoals","23","3","3","2","21","3D",13.749,NA,43.771,8.983,25.497,49.85,"A",22.522,10,67.786,13.717,64.88,90.729,"A",3.729,2,12.841,2.91,5.516,17.78,"D",NA,NA,NA,NA,NA,NA,"D",NA,NA,NA,NA,NA,NA,0,0,1,NA,1,9,"",1,"",14.7,NA,16.514,51.163,2.606,NA,NA
"Maryland Shoals","24","3","44","8","22","3D",5.134,NA,25.452,5.635,10.936,30.307,"A",0.332,1,2.287,0.142,0.496,4.768,"D",NA,NA,NA,NA,NA,NA,"D",NA,NA,NA,NA,NA,NA,"D",NA,NA,NA,NA,NA,NA,1,NA,NA,NA,1,6,"",1,"",6.5,1.5,5.301,0.354,NA,NA,NA
"Maryland Shoals","25","3","13","4","24","3D",7.927,NA,22.53,5.666,10.742,30.964,"A",17.2,8,NA,NA,NA,NA,"A",1.374,1,9.286,2.527,3.799,14.348,"D",NA,NA,NA,NA,NA,NA,"D",NA,NA,NA,NA,NA,NA,0,1,NA,NA,1,9,"",1,"",8.7,1,5.076,NA,1.272,NA,NA
"Maryland Shoals","26","3","50","9","18","hand",6.2,NA,25.13416,5.96169,11.71574,31.35348,"A",2.5,1,NA,NA,NA,NA,"A",0.167,1,1.018,0.022,0.14,1.96,"D",NA,NA,NA,NA,NA,NA,"D",NA,NA,NA,NA,NA,NA,0,1,0,NA,1,9,"",1,"",6.2,NA,5.75405,NA,0.118,NA,NA
"Maryland Shoals","27","3","62","10","20","3D",11.504,NA,45.981,14.485,27.445,55.371,"A",11.783,7,33.004,5.797,16.576,35.295,"D",NA,NA,NA,NA,NA,NA,"D",NA,NA,NA,NA,NA,NA,"D",5.854,2,41.169,13.291,24.256,47.007,0,NA,NA,NA,1,6,"",0,"dead, intact",11.4,NA,12.96,10.779,NA,NA,10.965
"Maryland Shoals","28","3","36","6","23","3D",6.439,NA,24.016,5.081,10.129,30.598,"D",2.395,1,13.98,3.53,5.175,16.41,"D",NA,NA,NA,NA,NA,NA,"D",NA,NA,NA,NA,NA,NA,"D",NA,NA,NA,NA,NA,NA,1,NA,NA,NA,1,3,"",1,"",7,NA,5.048,1.645,NA,NA,NA
"Maryland Shoals","29","3","41","7","23","3D",11.217,NA,40.468,9.217,28.562,56.938,"A",18.51,8,54.615,11.126,43.078,71.88,"D",0,NA,NA,NA,NA,NA,"D",NA,NA,NA,NA,NA,NA,"D",NA,NA,NA,NA,NA,NA,0,1,NA,NA,1,6,"",1,"",13,NA,19.345,31.952,NA,NA,NA
"Maryland Shoals","30","3","31","5","23","3D",10.048,NA,23.876,5.787,14.055,36.164,"A",12.11,8,22.892,3.487,11.725,28.329,"A",13.759,7,40.412,7.826,28.507,51.71,"D",0,NA,NA,NA,NA,NA,"D",NA,NA,NA,NA,NA,NA,0,0,1,NA,1,9,"",1,"dead",9.5,13,8.268,8.238,20.681,NA,NA
"W. Sambo","1","1","1","1","14","3D",8.249,NA,28.108,9.084,16.411,37.293,"A",3.741,2,21.829,4.987,11.901,31.829,"A",15.019,7,60.656,16.841,53.778,81.779,"A",21.291,13,77.359,30.433,82.741,104.715,"A",42.506,21,127.459,41.103,145.083,154.091,1,0,0,0,0,13,"",1,"",8.5,22.3,7.327,6.914,36.937,52.308,103.98
"W. Sambo","2","1","7","3","14","3D",6.314,NA,23.333,5.219,8.72,25.498,"A",5.612,3,28.168,8.368,14.925,35.316,"A",13.566,8,54.599,16.641,49.522,76.396,"A",25.14,9,100.059,34.491,131.891,138.561,"A",51.274,17,212.574,95.116,359.043,263.569,1,0,0,0,0,13,"",1,"",7.5,19.5,3.501,6.557,32.881,97.4,263.927
"W. Sambo","3","1","62","10","16","3D",10.431,NA,48.643,18.619,31.953,57.449,"A",12.435,5,56.023,17.876,46.584,76.252,"A",21.044,7,93.458,32.921,119.512,139.807,"A",34.298,14,136.98,57.617,229.651,207.897,"A",45.611,17,171.158,69.121,305.271,247.755,0,0,0,0,0,13,"",0,"",9.2,18.8,13.334,28.708,86.591,172.034,236.15
"W. Sambo","4","1","31","5","15","hand",15.2,NA,53.88286,14.32494,37.44854,67.47408,"A",26.496,12,85.03,21.966,98.718,117.807,"A",45.292,11,159.655,38.998,270.966,226.791,"A",59.025,20,200.438,55.59,429.293,306.76,"A",54.332,19,198.117,56.907,385.792,285.642,0,0,0,0,0,13,"",0,"",15.2,45.8,23.1236,76.752,231.968,373.703,328.885
"W. Sambo","5","1","13","4","14","hand",7.9,NA,30.56447,7.541415,16.57638,38.17626,"A",8.893,4,32.009,6.896,20.759,45.322,"A",18.362,7,63.808,14.538,67.933,97.152,"A",31.019,14,103.452,27.544,145.86,156.94,"A",29.656,12,97.277,24.85,121.439,134.668,0,0,0,0,0,13,"",0,"",7.9,18.2,9.034965,13.863,53.395,118.316,96.589
"W. Sambo","6","1","3","2","17","3D",8.067,NA,37.246,8.823,17.27,42.642,"A",14.62,9,58.215,13.671,53.959,84.539,"A",33.8279,13,142.047,45.927,232.763,209.008,"A",37.277,18,150.531,56.398,243.527,216.356,"A",47.053,14,219.821,72.938,361.855,270.18,0,0,0,0,0,13,"",0,"",8.5,35.9,8.447,40.288,186.836,187.129,288.917
"W. Sambo","7","1","36","6","16","3D",4.537,NA,16.049,4.052,5.796,19,"A",6.098,2,30.802,8.829,17.016,38.682,"A",7.626,3,44.598,16.94,43.174,71.416,"A",12.188,10,54.961,22.728,59.326,86.774,"A",20.086,11,69.126,31.989,90.515,112.803,0,0,0,0,0,13,"",0,"",4.5,9.2,1.744,8.187,26.234,36.598,58.526
"W. Sambo","8","1","44","8","18","hand",7.2,NA,28.32846,6.89094,14.57494,35.36688,"A",9.516,5,44.292,12.26,33.865,63.129,"A",18.86,11,81.019,26.489,104.752,128.082,"A",27.015,14,118.84,62.18,171.947,173.538,"A",26.631,13,129.363,65.037,172.255,169.205,0,0,0,0,0,13,"",0,"",NA,21.7,7.684,21.605,78.263,109.767,107.218
"W. Sambo","9","1","50","9","15","hand",6.2,NA,25.13416,5.96169,11.71574,31.35348,"A",2.204,1,16.451,4.474,7.953,22.746,"A",8.069,6,32.672,8.309,25.964,51.643,"A",12.603,9,48.125,14.406,42.641,67.546,"A",29.22,16,113.947,36.367,120.448,128.629,1,0,0,0,0,13,"",1,"",6.2,9.7,5.75405,3.479,17.655,28.235,84.081
"W. Sambo","10","1","41","7","16","3D",10.582,NA,32.065,8.376,18.016,42.042,"A",15.517,8,51.113,12.119,36.973,64.831,"A",28.592,10,97.994,31.388,134.087,153.2,"A",42.7,17,NA,NA,NA,NA,"A",61.086,21,200.834,52.739,366.063,281.615,0,0,0,0,0,13,"",0,"",15.3,30.8,9.64,24.854,102.699,NA,313.324
"W. Sambo","11","2","62","10","15","3D",12.187,NA,50.205,16.536,35.214,64.756,"A",16.765,7,73.026,20.864,68.451,97.332,"A",24.943,12,99.174,36.486,134.885,145.082,"A",28.3,14,116.873,39.945,152.216,155.812,"A",2.272,1,31.108,11.544,20.101,51.51,0,0,0,1,0,13,"",1,"",13.4,26,18.678,47.587,98.399,112.271,8.557
"W. Sambo","12","2","3","2","16","3D",6.805,NA,34.666,9.01,16.095,38.923,"A",6.107878,2,44.785,9.783,26.169,51.756,"A",12.95,8,56.926,19.329,64.523,90.397,"A",12.797,8,62.831,26.59,72.218,96.165,"A",16.621,9,97.417,53.583,122.775,134.985,0,0,0,0,0,13,"",0,"",7.5,14.5,7.085,16.386,45.194,45.628,69.192
"W. Sambo","13","2","44","8","16","hand",9.4,NA,35.35592,8.93529,20.86518,44.19636,"A",5.5652,2,29.352203,6.279235,16.350996,36.801254,"A",11.904,7,52.567,19.318,52.576,77.889,"A",16.012,10,62.458,22.81,63.756,88.275,"A",18.461,9,137.731,70.088,179.733,172.331,0,0,0,0,0,13,"",0,"",NA,15.7,11.92989,10.071761,33.258,40.946,109.645
"W. Sambo","14","2","50","9","14","hand",6.9,NA,27.37017,6.612165,13.71718,34.16286,"A",7.698,2,40.647,12.519,24.762,52.827,"A",16.268,8,75.784,29.704,92.63,120.65,"A",19.173,11,72.12,25.688,89.251,115.532,"A",29.076,14,121.467,53.173,158.926,163.797,0,0,0,0,0,13,"",0,"",6.9,19.2,7.105015,12.243,62.926,63.563,105.753
"W. Sambo","15","2","1","1","16","3D",8.496,NA,32.495,6.861,16.514,37.427,"A",10.546203,6,42.828911,9.082192,24.496716,46.700787,"A",13.921,8,53.241,18.791,45.956,70.368,"A",16.3207,11,63.378,20.098,55.047,79.806,"A",35.747,17,138.138,57.797,160.922,154.561,0,1,0,0,0,13,"",1,"",12.3,13.8,9.653,15.414524,27.165,34.949,103.125
"W. Sambo","16","2","13","4","16","3D",2.874,NA,13.669,2.172,3.906,14.328,"A",2.92479,2,12.181571,2.695815,4.862404,16.318207,"A",6.939,6,21.076,6.147,11.351,27.638,"A",8.13,6,28.508,9.061,17.789,37.902,"A",12.093,9,36.675,9.004,21.127,42.1,1,0,0,0,0,13,"",1,"",4.3,9.2,1.734,2.166589,5.204,8.728,12.123
"W. Sambo","17","2","7","3","13","3D",9.687,NA,25.572,5.904,13.694,32.766,"M",NA,NA,NA,NA,NA,NA,"M",NA,NA,NA,NA,NA,NA,"M",NA,NA,NA,NA,NA,NA,"M",NA,NA,NA,NA,NA,NA,NA,NA,NA,NA,NA,NA,"",0,"missing",9.5,NA,7.79,NA,NA,NA,NA
"W. Sambo","18","2","31","5","13","hand",11.5,NA,42.06395,10.886715,26.8695,52.6245,"A",14.727,7,58.944,14.978,45.219,71.836,"A",18.245,9,65.946,21.188,74.064,96.877,"A",22.8072,12,90.105,26.146,104.133,120.805,"A",32.822,14,89.736,26.235,108.957,122.929,0,0,0,0,0,13,"",0,"",11.5,21.8,15.982785,30.241,52.876,77.987,82.722
"W. Sambo","19","2","41","7","14","3D",6.769,NA,16.486,3.461,6.673,22.133,"A",10.957,6,31.438,5.734,19.369,45.214,"A",0.994,1,10.179,2.747,3.952,18.028,"A",0.893,1,8.803,2.488,3.596,17.571,"A",7.33,10,18.878,4.746,11.286,31.997,0,1,0,0,0,13,"b",1,"",7.1,1.7,3.212,13.635,1.205,1.108,6.54
"W. Sambo","20","2","36","6","15","3D",5.556,NA,19.89,5.253,8.132,24.48,"A",7.563,3,41.415,12.329,24.179,50.029,"A",13.677,7,55.896,20.198,61.105,91.317,"A",14.389,7,65.14,22.682,71.275,100.361,"A",25.33,12,109.153,48.914,142.401,154.732,0,0,0,0,0,13,"",0,"",5.5,15.9,2.879,11.85,40.907,48.593,93.487
"W. Sambo","21","3","7","3","15","3D",4.761,NA,21.05,3.929,7.053,22.428,"A",6.385,3,33.019,8.825,18.237,40.748,"A",2.353,2,5.837,1.118,1.9,8.553,"D",NA,NA,NA,NA,NA,NA,"D",NA,NA,NA,NA,NA,NA,0,0,NA,NA,1,9,"",0,"dead",5.1,10.9,3.124,9.412,0.782,NA,NA
"W. Sambo","22","3","62","10","17","3D",16.919,NA,62.921,20.992,49.428,76.986,"A",10.863,5,47.457,12.06,35.889,63.7,"D",0,NA,NA,NA,NA,NA,"D",NA,NA,NA,NA,NA,NA,"D",NA,NA,NA,NA,NA,NA,0,1,NA,NA,1,6,"",1,"",14.9,NA,28.436,23.829,NA,NA,NA
"W. Sambo","23","3","1","1","17","3D",13.133,NA,59.836,19.539,39.828,65.657,"A",21.345,11,83.549,24.868,74.319,98.351,"D",0,NA,NA,NA,NA,NA,"D",NA,NA,NA,NA,NA,NA,"D",NA,NA,NA,NA,NA,NA,0,1,NA,NA,1,6,"",1,"dead",12.2,NA,20.289,49.451,NA,NA,NA
"W. Sambo","24","3","31","5","14","hand",11.1,NA,40.78623,10.515015,25.72582,51.01914,"A",25.289,18,70.174,17.861,63.741,88.848,"A",44.364,15,134.938,32.684,154.089,155.455,"A",44.838,27,143.049,33.599,156.46,153.299,"A",47.273,22,166.195,43.869,193.812,178.367,0,0,0,0,0,13,"",0,"",11.1,38.4,15.210805,45.88,121.405,122.861,149.943
"W. Sambo","25","3","13","4","18","3D",5.629,NA,31.141,8.004,13.409,33.608,"A",8.3097,4,37.712,10.071,26.741,52.232,"A",15.549,11,51.539,12.847,44.29,70.829,"A",24.97227634,22,74.70722492,18.6633896,72.41673543,95.43959741,"A",26.547,15,85.829,25.735,85.375,104.237,0,0,0,0,0,13,"",0,"",6.6,18.3,5.405,16.67,31.443,53.75334583,59.64
"W. Sambo","26","3","36","6","14","3D",11.603,NA,44.615,15.81,30.813,58.017,"A",14.496922,6,78.129128,19.019957,53.384075,83.438049,"A",22.746,10,105.778,34.878,112.52,131.843,"A",21.52461154,12,89.46677294,32.22719359,97.30759659,119.9186575,"A",24.823,8,132.864,52.853,160.742,166.279,0,0,0,0,0,13,"",0,"",12.2,22.3,15.003,34.364118,77.642,65.080403,107.889
"W. Sambo","27","3","50","9","13","hand",6.2,NA,25.13416,5.96169,11.71574,31.35348,"A",8.41,4,41.641,11.143,28.102,55.211,"A",4.047,6,30.667,8.616,15.884,50.095,"A",5.799,6,26.124,10.055,15.071,44.613,"A",8.675,7,50.742,23.018,37.732,68.144,0,1,0,0,0,13,"b",1,"",6.2,6.7,5.75405,16.959,7.268,5.016,14.714
"W. Sambo","28","3","3","2","15","hand",8.3,NA,31.84219,7.913115,17.72006,39.78162,"A",4.951,3,22.131,6.13,10.871,26.308,"A",10.654,11,35.756,12.154,25.605,47.035,"A",7.621,6,26.464,9.787,17.793,38.279,"A",10.338,9,43.02,14.114,30.827,54.823,1,0,0,0,0,13,"b",1,"",8.3,13.8,9.806945,4.741,13.451,8.006,16.713
"W. Sambo","29","3","44","8","17","hand",6,NA,24.4953,5.77584,11.1439,30.5508,"A",8.599,5,39.255,11.816,26.808,52.492,"M",NA,NA,NA,NA,NA,NA,"M",NA,NA,NA,NA,NA,NA,"M",NA,NA,NA,NA,NA,NA,0,NA,NA,NA,NA,NA,"",0,"",NA,NA,5.36806,14.992,NA,NA,NA
"W. Sambo","30","3","41","7","15","3D",6.401,NA,15.713,3.286,5.299,20.541,"A",9.29,5,32.161,6.568,15.967,39.173,"A",19.199,14,56.553,13.753,51.933,81.719,"A",37.126473,16,111.589073,29.136986,162.663422,164.36174,"D",0,NA,NA,NA,NA,NA,0,0,0,NA,1,12,"",0,"",7.1,21.6,2.013,9.399,38.18,133.526436,NA
